month,week,avr_wind_dir,avr_wind_speed,avr_high_wind_speed,high_wind_speed,avr_high_current_speed,avr_high_wave_height,high_wave_height,avr_air_temp,avr_high_air_temp,high_air_temp,avr_air_press,avr_high_air_press,high_air_press,avr_water_temp,avr_high_water_temp,high_water_temp,avr_salinity,avr_high_salinity,high_salinity,avr_tide_height,nm_jelly
1,1,262.3476246,3.876940904,5.921180556,3.344947735,23.25729167,0.907743056,0.662569444,6.892997296,9.070798611,8.439825784,1019.781267,1026.301389,1026.301389,13.0781151,13.17545139,13.03766551,34.20723832,34.23167247,34.23167247,61.0163174,0
1,2,285.8673621,3.703129657,4.925087108,3.301041667,29.6465035,0.51097561,0.404305556,2.823924491,4.142256944,2.4971875,1028.880378,1030.402778,1029.75625,12.2912916,12.54222222,12.07166667,34.13381023,34.15888889,34.134375,56.11239955,0
1,3,300.6978131,4.65889662,5.676388889,3.883623693,33.13715278,0.719652778,0.628819444,4.011346918,6.788020833,3.95630662,1024.114761,1028.123958,1024.239721,12.53539761,13.24034722,12.81166667,33.97909046,34.1021875,34.01247387,58.40769944,0
1,4,269.7363184,4.911840796,6.332986111,5.224390244,22.19825175,0.913379791,0.913379791,9.690273632,13.26310105,13.26310105,1020.372822,1024.454514,1021.380208,12.32020398,12.47524306,12.4597561,32.98469154,33.60819444,33.45369338,60.9155967,0
2,5,202.5024826,4.146871897,6.846875,2.284722222,22.54722222,0.607986111,0.495381944,6.921544191,12.25055556,9.535902778,1018.222664,1026.321201,1026.321201,12.37186197,12.75888889,12.39951557,33.06046177,33.16621528,32.78427083,65.06477329,0
2,6,61.88518887,5.484890656,9.41875,9.41875,15.80104895,1.746748252,1.480138889,4.290347913,6.463298611,5.241840278,1022.127535,1028.177972,1028.177972,12.88145626,13.44243056,13.44243056,33.48562624,33.68645833,33.344375,66.33043999,0
2,7,132.3487332,5.274515648,8.532638889,4.878397213,17.02996516,1.599513889,1.154041812,5.898251366,8.057083333,5.854250871,1025.795231,1027.68885,1025.079443,12.39814208,12.53466899,12.53466899,32.36468952,33.205,33.08526132,63.13695219,0
2,8,203.9826389,3.45,4.727083333,4.727083333,21.08611111,0.897673611,0.454722222,8.985277778,12.0175,10.22565972,1026.354117,1029.404514,1029.404514,12.64143353,12.94690972,12.94690972,30.13022817,31.67625,28.35378472,63.63550566,0
3,9,127.933114,4.083452055,5.085069444,3.203135889,21.90381944,0.743101045,0.743101045,8.221972603,10.46634146,10.15139373,1021.006685,1026.298611,1026.298611,12.59779847,12.92132404,12.92132404,30.48215772,30.89629371,30.35968641,64.75915338,0
3,10,263.1203381,4.568025858,5.6875,4.025694444,24.57673611,1.545381944,1.545381944,6.978344107,11.71216028,5.382361111,1021.439582,1027.65625,1024.426042,12.06901542,12.20586806,12.19493056,30.54012929,31.61790941,31.61790941,66.75263262,0
3,11,213.4257327,5.308991555,8.642013889,5.957638889,21.184375,0.998815331,0.709965278,10.30034774,13.82510417,8.828958333,1017.821709,1021.507986,1020.817708,12.07572777,12.26642361,12.16326389,31.20802285,31.8209375,31.66138889,67.66504081,0
3,12,237.7734724,3.821758569,5.812152778,3.439372822,17.05902778,0.735923345,0.735923345,12.19624441,14.24017361,14.20885017,1019.127932,1026.363287,1026.363287,12.49834078,12.76181185,12.72006969,31.42313462,32.29714286,31.77041812,64.61318222,0
4,13,168.6395233,2.727308838,4.287804878,3.501388889,22.81909722,0.910173611,0.841289199,13.57784012,14.69326389,14.69326389,1014.065176,1018.527083,1018.527083,12.84443893,13.13250871,12.82878472,32.24349057,32.61958188,32.56836806,69.69755175,0
4,14,214.5678092,4.601390959,6.898611111,6.898611111,17.57222222,0.847256944,0.445104167,11.92703428,14.89871528,13.69708333,1015.5769,1018.264236,1018.264236,13.15290611,13.37421603,13.09791667,31.52597615,32.02982639,32.02982639,71.02254444,0
4,15,151.7054148,3.826825633,4.283333333,4.004513889,20.42638889,0.548541667,0.476319444,14.64923,17.72190972,17.72190972,1017.157228,1020.531119,1019.770139,13.50947342,13.74,13.62427083,30.71134128,31.21595819,30.66184028,67.80650617,0
4,16,126.0958768,3.724590164,7.509059233,4.910069444,18.01875,1.167152778,0.612604167,14.30548435,16.34368056,15.93933798,1017.536364,1021.894444,1021.894444,14.04009439,14.63215278,14.54296167,29.58198212,30.20958333,29.88232639,69.25306489,0
5,17,161.1648461,3.402929494,9.0271777,9.0271777,20.23888889,1.455679443,1.455679443,15.59971202,16.42972125,16.41427083,1015.952211,1023.506643,1020.721875,14.37036246,14.56715278,14.26427083,29.80427011,30.30135417,30.30135417,69.68272095,0
5,18,254.888282,4.927606753,5.896167247,4.995833333,17.56215278,0.783449477,0.615902778,15.56480139,17.15703833,16.77479167,1015.188034,1018.595139,1016.410764,14.13953327,14.39270833,14.39270833,29.55936941,29.74565972,29.64086806,67.5851307,0
5,19,170.8093347,4.238331678,5.37630662,2.820833333,19.15034722,1.457839721,1.457839721,17.18030785,19.63097222,19.63097222,1010.258093,1021.836806,1017.633681,14.97478649,15.47965157,14.57427083,29.43116683,30.223125,30.10802083,69.94008347,0
5,20,157.4917951,3.034659373,4.167013889,4.167013889,20.78784722,0.568566434,0.5403125,17.69371457,18.27774306,18.27774306,1009.953134,1013.248611,1013.248611,15.36855793,15.808223,14.85732639,28.48246146,29.00149306,28.76520833,78.0026839,0
5,21,220.2410359,4.42813745,5.32543554,5.128819444,18.52048611,1.079230769,0.663611111,18.32687251,19.708223,19.01767361,1009.10294,1019.518021,1019.518021,15.55555777,16.28215548,16.28215548,26.1297759,27.62611307,27.62611307,76.92016305,0
6,22,145.3147688,4.625360517,7.394791667,4.064930556,19.82014134,0.992152778,0.771637631,18.94561412,19.8984375,19.20378472,1008.318896,1012.507639,1011.649653,15.87270512,18.09937282,18.09937282,33.83046246,34.28461806,34.26079861,74.5669785,3
6,23,69.58928571,4.44672619,5.420833333,4.194097222,19.07465278,0.674652778,0.674652778,19.25587798,19.8041115,19.09670139,1006.913945,1010.608681,1010.608681,19.05492063,19.58302083,19.17173611,32.50373016,33.83579861,33.83579861,77.2494523,0
6,24,189.8348214,3.87172619,6.030555556,2.468402778,23.63402778,0.650868056,0.650868056,20.55304067,21.38694444,21.38694444,1005.36369,1006.531944,1005.595486,18.33162202,19.44381944,18.65871528,31.19587798,31.50451389,30.93916667,79.73958541,0
6,25,134.7915832,3.624448898,6.060278746,6.060278746,24.52777778,0.614701493,0.431958042,20.6243988,21.13427083,20.53108014,1007.832732,1008.878322,1008.878322,19.88075651,20.47548611,20.47548611,31.61235471,33.85041667,31.72378472,79.91747959,0
7,26,141.5230769,2.762233251,4.321180556,1.702076125,26.33611111,0.779305556,0.779305556,21.59922581,22.19304196,21.28193772,1005.80665,1010.265744,1010.265744,18.76858065,19.66961806,19.66961806,33.47322084,33.83677083,33.49456747,78.12066215,0
7,27,88.68753105,3.8520616,5.88125,3.625347222,20.26284722,1.193159722,1.193159722,23.11315946,25.73534722,25.73534722,1004.997963,1011.008681,1011.008681,21.68629906,22.66826389,22.66826389,31.69325385,32.08944444,32.08944444,78.35527367,0
7,28,237.061194,3.489104478,4.249652778,3.695804196,23.98850174,0.612430556,0.368,22.5260398,27.10225694,27.10225694,1006.812295,1012.326667,1012.326667,18.80047264,21.95100694,21.95100694,29.81949254,30.39569444,30.38863636,77.63606492,0
7,29,218.2766383,4.550575288,6.046341463,3.289010989,23.58402778,0.716423611,0.394285714,22.86347174,23.92788194,23.19688645,1009.346573,1012.991319,1012.991319,18.09387694,19.14309028,18.30227106,29.74535768,30.40340659,30.40340659,71.83967716,0
7,30,139.9139175,3.587010309,7.235416667,7.235416667,24.94634146,1.069027778,0.794808362,24.02127835,26.77515679,24.15305556,1010.124536,1011.567491,1009.987215,19.85364433,22.19947917,20.58360731,27.35919588,28.14013937,26.97269406,71.2456978,0
8,31,150.9851117,6.122779156,7.64375,7.039372822,23.84895833,2.042264808,2.042264808,24.92287345,27.64408304,27.64408304,1003.977171,1007.561246,1007.561246,22.11908685,25.00326389,24.10198606,26.03985112,27.46673611,24.56940767,86.44691628,0
8,32,114.2019851,4.388039702,7.410069444,3.622916667,24.921875,1.785555556,1.785555556,23.62781141,24.68677083,23.84024306,1004.218809,1008.156446,1007.892708,22.63579156,23.21784722,23.11579861,26.88577667,27.60364583,26.85506944,88.44103023,4
8,33,157.1436382,4.256361829,6.004861111,4.959375,14.50313589,0.923993056,0.8625,23.66387177,24.45482639,23.21777778,1010.231909,1012.316028,1012.316028,22.79107356,23.07236934,23.06836806,25.0887674,25.47250871,24.87927083,85.77016289,3
8,34,163.8408744,3.739501779,4.995818815,4.419230769,24.7600823,0.628641115,0.491853147,23.39613116,23.92248252,23.92248252,1011.291573,1016.844792,1015.136237,21.50435467,22.22361111,21.16171329,25.12590447,26.29803279,25.84968531,81.60240485,0
9,35,115.769,5.1487,5.790613718,5.440909091,16.83333333,0.843020833,0.62006993,22.986195,23.94211806,23.94211806,1011.931431,1015.674825,1015.674825,22.826125,23.20288194,22.47243056,24.02306,24.47534722,23.75506993,82.78129968,0
9,36,152.5759682,3.425819265,4.779861111,3.067361111,32.83484321,0.519756944,0.459027778,23.46412115,24.17557491,23.550625,1009.861917,1012.787847,1012.355749,22.21552977,22.63885417,22.63885417,31.1329667,32.87402778,32.78222222,82.81782021,0
9,37,126.3097961,4.026205868,5.907317073,4.381184669,22.45833333,0.779825784,0.670522648,22.65608155,23.662,23.662,1014.705721,1016.555052,1016.555052,23.24967678,23.82835088,23.17013937,33.05793635,33.34506944,33.07430556,79.81297824,0
9,38,133.1599603,4.887531048,5.548263889,4.743402778,18.96898955,1.259930556,0.802013889,22.35888227,22.705625,22.17920139,1014.439791,1018.390278,1014.689236,23.68653254,24.26545139,24.26545139,31.40621957,32.50347222,32.50347222,83.69089282,0
10,39,122.7146402,3.573002481,5.163194444,4.607958478,16.80069444,0.8990625,0.8990625,21.53777667,23.0065625,21.18320557,1015.161817,1017.897232,1017.897232,23.32114144,23.60069444,23.55180556,29.0156129,29.25111111,29.01089965,80.8197634,0
10,40,124.6683217,5.138828203,8.910416667,6.892013889,19.06271777,1.668854167,1.447395833,19.54484111,21.30080139,21.30080139,1017.276216,1021.376042,1021.376042,22.15433466,22.78522648,22.78522648,27.96873386,28.73512195,28.45982639,83.68534526,0
10,41,137.4208437,6.253399504,9.70174216,9.70174216,19.25243056,2.178576389,2.178576389,18.57848635,20.35420139,19.97445993,1016.804615,1021.920906,1021.920906,21.11095782,21.43163194,21.18790941,27.1013201,27.57666667,27.28156794,91.92051664,0
10,42,181.3657568,3.545012407,5.70625,5.70625,22.14930556,1.423090278,1.423090278,17.70372705,20.98232639,20.98232639,1019.894789,1023.281944,1023.150694,20.80327543,21.08013889,21.01576389,27.69507196,28.04354167,27.5321875,83.33883969,0
10,43,247.1055251,3.347187656,4.792361111,3.837630662,17.41843972,0.474583333,0.462048611,17.63816327,19.39209059,19.39209059,1021.678547,1026.012057,1026.012057,20.5076008,20.80975694,20.56020906,27.39172225,27.64118056,27.47860627,75.07546982,0
11,44,199.2693032,2.612806026,4.328472222,3.294059406,42.86031746,0.58375,0.58375,17.05712135,18.2200692,17.97752475,1016.617381,1021.030597,1021.030597,19.18167147,20.27266436,20.27266436,28.00206897,32.91715385,32.91715385,74.32514422,0
11,45,214.0614919,4.313810484,6.964912281,3.038888889,20.51805556,0.625034722,0.625034722,14.21693044,17.16298611,16.01788194,1019.45295,1023.462153,1023.462153,17.84321069,18.57846429,18.56878472,33.14474798,33.54831461,33.54831461,68.47557457,0
11,46,235.7946749,3.266922683,4.202083333,3.022648084,18.52891986,0.423292683,0.342543554,10.80767025,12.21989547,10.83111498,1025.021813,1027.601394,1027.601394,16.24542755,16.56484321,16.56484321,33.22628264,33.62069444,33.3858885,61.01006879,3
11,47,155.5465932,3.653807615,5.982229965,2.074551971,21.82867384,1.337003484,1.337003484,13.75443888,14.8721831,14.32548387,1020.80511,1024.295423,1023.192115,15.99702405,16.1930662,15.8644086,31.77419339,32.95968531,32.80548387,70.57636056,0
12,48,219.3472362,5.13758794,7.452083333,3.218466899,18.50662021,0.610940767,0.610940767,9.472603015,14.95271777,14.95271777,1016.117136,1019.58609,1016.408362,15.83288945,17.0845993,17.0845993,32.0700201,32.65271777,32.53466899,69.56565455,0
12,49,241.5587065,4.249651741,5.595138889,4.921527778,20.34808362,0.526443662,0.526443662,5.415368159,10.71810526,10.71810526,1023.781542,1032.060417,1024.346316,14.37726866,14.84854167,14.84854167,32.40441791,32.53364912,32.47611111,60.57905257,0
12,50,256.0506203,4.474243176,6.532986111,4.997212544,15.78680556,0.770590278,0.38548951,2.671920596,6.263923611,4.277491289,1023.776763,1030.215278,1028.612847,13.96620844,14.59665505,14.59665505,32.42299752,32.73513889,32.43059233,67.61936062,0
12,51,260.6693148,3.949702085,5.327777778,2.963414634,22.64305556,1.033101045,1.033101045,4.866807349,8.596284722,4.997944251,1023.267776,1029.450871,1029.450871,14.02377358,14.78631944,14.34689895,33.00561569,33.17631944,32.99724739,59.58249023,0
1,52,250.8276205,4.151564829,5.9728223,5.9728223,19.58989547,0.510451389,0.448181818,5.566979632,9.237604167,6.382395833,1020.347889,1028.356944,1028.356944,13.4425385,13.57770833,13.23271777,32.76660705,32.9346875,32.84857143,67.72905668,0
1,1,249.0739821,4.059930487,5.387847222,3.913937282,19.81979167,0.767465278,0.533310105,5.027408143,9.615381944,7.890209059,1018.515144,1022.508333,1022.345486,13.06227408,13.39743056,13.23420139,32.38886792,32.67625,32.37752613,68.17971246,0
1,2,202.8912612,3.583862959,4.750347222,4.520629371,17.51713287,0.760524476,0.760524476,5.993530288,8.657083333,3.956748252,1025.353724,1033.345833,1031.631597,12.35892254,12.584375,12.35276224,31.29473684,32.61559028,32.02870629,62.09857612,0
1,3,207.8096421,4.268836978,5.528125,5.528125,23.7541958,0.546631944,0.546631944,6.258270378,8.050348432,5.064618056,1021.249503,1026.104167,1022.116319,11.88429423,12.39191638,12.39191638,31.64543738,32.68704861,32.48805556,67.84901335,0
1,4,157.5452286,3.571719682,4.860278746,4.860278746,23.38680556,0.8928223,0.8928223,7.229701789,11.62975694,6.278083624,1022.706564,1025.600348,1025.600348,12.34987078,12.58996528,12.5266899,31.98761431,32.98801394,32.98801394,63.05000498,0
2,5,195.7966186,3.662357036,4.676223776,4.676223776,19.35208333,0.583611111,0.413461538,4.929482844,6.998710801,5.257412587,1025.54209,1030.767474,1028.065157,12.14409746,12.75681818,12.75681818,32.42018896,32.94493007,32.81608392,62.60751192,0
2,6,247.6755784,5.366718107,6.604529617,5.995454545,20.2009009,0.627027972,0.627027972,4.213203085,7.250559441,7.250559441,1018.791101,1025.555749,1023.840625,11.03986639,11.44284722,11.44284722,31.86218397,32.84489583,30.80727273,58.61996619,0
2,7,214.5827124,4.589816195,5.109027778,4.490243902,23.53554007,0.887743056,0.739790941,6.152687531,8.838090278,5.621672474,1019.059016,1024.629268,1024.629268,11.23397417,11.74805556,11.70888502,32.62128664,33.04138889,32.908223,67.34782609,0
2,8,161.6323895,3.966318927,4.884375,4.393402778,24.07832168,1.288020833,1.288020833,9.233765524,12.02309028,12.02309028,1018.631213,1027.327368,1027.327368,11.86300546,11.96798611,11.86986111,31.52692002,32.84694444,32.67006944,63.70843301,0
3,9,191.9781312,4.33916501,6.041114983,6.041114983,19.02083333,0.891219512,0.891219512,4.932579523,6.393170732,6.07738676,1020.284635,1026.032056,1026.032056,11.35636183,11.64351916,11.64351916,30.85865308,31.54616725,30.6928223,63.16480892,0
3,10,165.7405,5.40195,7.590035587,4.572727273,18.81021127,0.711909722,0.445017544,6.301485,9.878146853,9.878146853,1020.708954,1023.836458,1023.836458,11.767795,12.19059859,12.14951049,29.771135,30.22201389,29.71856643,54.54440542,0
3,11,190.7270471,3.903672457,6.741666667,5.820905923,21.37743056,0.755972222,0.629477352,10.69578164,12.73854167,8.913902439,1017.812258,1022.682639,1021.313889,11.52465012,11.71385417,11.60454861,28.58837717,28.79131944,28.77724739,60.76847291,0
3,12,207.4080517,3.783449304,4.828125,3.927430556,24.73658537,0.625798611,0.356666667,11.375,15.03753472,15.03753472,1023.828728,1034.012892,1029.465854,12.38465706,12.6225,12.51402778,28.39874751,29.29923345,28.81170139,57.15022994,0
4,13,214.092804,4.016079404,5.752249135,5.752249135,16.62777778,0.759201389,0.675243056,13.20743921,14.013125,12.42287197,1017.549578,1025.46875,1025.46875,12.62564764,12.84645833,12.57519031,26.52642184,28.20503472,26.09132867,62.22690992,0
4,14,239.7528517,8.779467681,8.779467681,8.779467681,18.16197719,1.336501901,1.336501901,15.18581749,15.18581749,15.18581749,1003.856654,1003.856654,1003.856654,12.68186312,12.68186312,12.68186312,22.66855513,22.66855513,22.66855513,61.75360169,0
4,15,223.1529048,6.088198136,6.596263023,6.535010055,33.58150447,1.260771886,1.239782303,15.37836013,17.93833285,17.5407696,1008.233673,1011.50548,1011.50548,13.52891912,17.14658461,17.0787676,25.32611649,25.39648628,25.36470375,64.91052212,0
4,16,206.552958,3.396928591,4.413058366,4.290552428,49.00103175,1.185041871,1.143062705,15.57090276,20.69084822,19.8957217,1012.610693,1019.154305,1019.154305,14.37597512,21.61130609,21.47567208,26.65489717,26.76045185,26.71277806,66.36309047,0
4,17,174.8379643,4.516656918,4.516656918,4.516656918,36.79637321,0.857866335,0.857866335,18.54213952,18.54213952,18.54213952,1004.647558,1004.647558,1004.647558,17.72785464,17.72785464,17.72785464,27.98367785,28.12441743,28.06085237,60.95632665,0
5,18,142.3805206,2.385251536,2.385251536,2.385251536,46.11357122,0.618548552,0.618548552,20.22030053,20.22030053,20.22030053,1005.04301,1005.04301,1005.04301,20.25085039,20.25085039,20.25085039,30.80680018,30.93960455,30.86865535,68.51296887,0
5,19,109.9230769,0.253846154,0.253846154,0.253846154,55.43076923,0.379230769,0.379230769,21.89846154,21.89846154,21.89846154,1005.438462,1005.438462,1005.438462,22.77384615,22.77384615,22.77384615,32.05280037,32.25994213,32.16090248,69.33882071,0
5,20,199.0131119,2.777777778,3.073867596,2.828855721,81.37428571,1.610882353,1.610882353,17.93436631,27.36857143,27.36857143,1007.671807,1012.83986,1012.83986,16.12630259,30.37615385,30.37615385,33.29880056,33.58027972,33.45314961,73.08455625,0
5,21,189.8243802,2.742458678,4.0125,3.229513889,20.7625,0.3771875,0.258680556,17.38204367,18.50194093,18.50194093,1009.855475,1013.455208,1013.455208,15.51980888,16.64322807,14.96628472,33.62992252,33.75479167,33.67645833,72.55390297,0
6,22,181.5589411,2.367032967,3.802097902,1.558680556,25.78146853,0.34,0.222395833,18.78411731,18.98103571,18.98103571,1007.549251,1010.255789,1007.449474,16.89661339,17.56119718,16.84482639,33.29091409,33.37573427,33.3221875,76.56819316,0
6,23,143.7237569,1.76635973,2.740625,1.310069444,24.93306122,0.434864865,0.389409722,18.68674518,19.32215278,19.32215278,1008.47833,1015.190625,1013.448187,16.50096992,17.18684028,16.27333333,33.2026949,33.43481633,33.19805556,72.77939709,0
6,24,150.8808342,3.786891758,6.16875,3.518118467,25.11597222,0.573993056,0.494843206,18.76954498,20.50761733,20.50761733,1006.35149,1008.346528,1008.225087,16.41232986,17.74350694,16.24167247,31.91987581,32.6028223,32.3302439,74.84186279,0
6,25,99.12655087,4.003970223,6.696527778,5.071527778,23.25659722,0.5740625,0.546979167,19.70151714,20.76993056,20.76993056,1009.208387,1010.884375,1009.841667,18.80893247,19.94465278,19.94465278,30.91334161,31.1475,31.04739583,72.38705165,0
7,26,141.0731343,3.884477612,5.244599303,3.352797203,29.8640625,0.846376307,0.846376307,20.31523555,20.97634146,20.76665505,1002.334975,1010.580488,1010.580488,19.98720202,20.35305556,20.14328671,30.5244697,31.58202335,31.58202335,83.87708437,0
7,27,76.13638626,4.131607765,5.595804196,5.595804196,29.35034722,0.650174216,0.491433566,20.09242243,20.46772487,20.34853147,1010.563564,1014.413287,1014.413287,19.11180687,20.37730769,20.37730769,32.59147835,32.87024476,32.87024476,73.09947016,0
7,28,124.2117706,5.876307847,10.05121951,10.05121951,24.03554007,2.031631944,1.629477352,21.61743498,22.29216028,22.29216028,1005.627716,1014.055944,1014.055944,19.25343058,20.87708333,19.95912892,31.08061871,31.77503497,30.00752613,83.93224066,0
7,29,103.8953744,3.735462555,5.417770035,5.417770035,19.7125,1.558041958,1.558041958,21.34117724,21.73354167,21.73354167,1008.434967,1010.883681,1010.883681,21.23580396,21.81007092,21.47811847,30.68700991,30.79353147,30.6954007,82.0849915,3
7,30,211.455836,5.017507886,7.194240838,7.194240838,29.08108108,0.932251309,0.932251309,22.46157377,24.09803922,24.09803922,1008.099369,1008.827523,1008.685577,20.69659306,21.24272251,21.24272251,30.9898265,31.47810811,31.45557692,79.5596642,0
8,31,225.9960278,4.132423039,5.478472222,5.478472222,30.38194444,0.364548611,0.354756944,23.23922771,23.53229682,23.384,1009.866882,1011.312195,1011.312195,18.41691658,19.45868056,17.55142361,29.45073486,31.09034722,28.94347222,75.95513589,3
8,32,143.7861671,2.900345821,5.400694444,3.697457627,27.57860465,0.751116279,0.673333333,25.50451004,27.2217033,25.61872807,1008.684256,1014.629861,1013.609322,24.43293203,26.585,25.09016949,26.97245968,27.76590278,27.21779661,85.91182645,4
8,33,90.39512922,3.413220676,4.821180556,2.236933798,23.17395833,0.713797909,0.480696864,25.47710145,25.77709924,25.77709924,1008.817893,1012.783333,1011.753659,24.79060139,25.56989547,25.56989547,26.01506461,27.56086806,27.56086806,86.97931034,0
8,34,154.4913112,4.122906793,8.885148515,8.885148515,15.27595819,2.076039604,2.076039604,24.57367156,25.29930556,25.29930556,1004.533702,1007.475958,1006.202091,25.13845182,25.5858885,25.5858885,20.59040021,22.665,20.99062718,98.64974518,3
9,35,151.2461538,3.537766749,5.830208333,3.559930314,22.69444444,0.734285714,0.497073171,24.07084068,24.14754717,24.04741379,1010.072854,1012.473611,1012.473611,24.46745906,24.9925,24.34933798,17.32106203,18.7984375,16.11515679,88.56402591,3
9,36,81.4939693,4.605482456,6.309027778,6.08989547,20.91791045,1.680557491,1.528536585,22.077918,24.05571429,22.89599303,1011.217325,1014.047222,1014.047222,23.59456689,23.88583333,23.86574913,15.55560307,16.3340796,16.3340796,90.24796263,0
9,37,132.3835821,4.521940299,6.38986014,4.544097222,8.904878049,1.03375,0.387604167,21.57908412,22.66519164,22.66519164,1015.166667,1021.071181,1021.071181,23.27871642,23.49416084,23.43538194,15.33322388,15.73763889,15.195,84.9857994,3
9,38,80.89982528,4.033430402,6.3125,3.748913043,7.22617801,1.232239583,0.998784722,20.98707055,21.22049505,21.22049505,1013.059639,1016.286667,1016.286667,23.30274693,23.64640212,23.55481884,17.945564,22.7252356,19.63888889,87.93790363,3
10,39,106.5572113,4.806067057,7.201384083,4.686013986,15.91111111,1.380590278,0.921602787,21.63655832,22.44804878,22.44804878,1014.466986,1022.744599,1022.58,22.94304579,23.33190972,23.21146853,20.43295527,21.63509677,21.63509677,82.95867357,0
10,40,194.8982125,3.899404171,5.422916667,4.049305556,15.4358885,0.713923611,0.592465278,20.42060534,21.19427083,21.19427083,1018.256802,1024.163066,1023.234028,21.08811817,21.95024306,21.95024306,18.74823734,19.06673611,18.83194444,69.08354053,4
10,41,241.2159383,3.588946015,6.003645833,4.2368,19.19826389,0.730104167,0.730104167,18.42018531,20.05579618,19.96567742,1015.897358,1019.860764,1019.295971,20.38622351,21.54497653,21.33442708,18.88597303,19.54973958,19.32744,76.06532114,0
10,42,133.2278415,3.540563087,6.090452261,3.576736111,13.41909722,0.805879397,0.649825784,18.49975926,18.86686869,18.80845833,1018.455057,1021.078392,1019.84007,20.3472732,20.7502439,20.17628472,17.09643379,17.55052083,17.29541667,69.57526614,3
10,43,229.357513,3.845336788,7.87254902,4.901226994,26.94417178,0.896952381,0.751042945,17.42224105,18.89404494,18.05366197,1018.044128,1023.788235,1023.788235,19.22152718,20.45098446,20.45098446,22.36357204,23.835,22.7701227,75.00189848,0
11,44,258.3606151,2.941319444,3.907986111,2.097916667,25.16770833,0.2934375,0.217916667,13.99155258,16.84790941,15.59836806,1025.333383,1028.178819,1028.178819,17.1525744,17.46013889,17.31965278,20.6863244,21.82979167,19.90333333,62.24059327,0
11,45,97.88214818,5.021382397,9.359027778,9.359027778,19.82020906,1.453888889,1.453888889,16.11698657,17.44010417,17.44010417,1022.177673,1028.390278,1028.390278,17.84009945,18.12526132,18.05355401,18.32616111,19.1971777,17.90538194,79.18018736,3
11,46,112.5623448,4.382662692,8.067247387,7.464111498,18.60902778,1.401149826,1.087326389,16.0336612,17.45461806,17.05197917,1018.108296,1021.920486,1021.920486,17.76545455,18.14267361,17.87735192,17.30004968,18.07641115,16.63152778,75.70727092,3
11,47,137.8106627,4.455007474,7.341608392,3.838596491,22.33496503,0.885902778,0.885902778,12.77796213,15.45579861,15.14245614,1021.224365,1026.028125,1026.028125,17.03354758,17.40821678,17.34597902,16.25521674,16.63652778,15.94663158,79.19876457,0
12,48,272.3762425,4.202335984,7.475609756,7.475609756,20.82291667,0.936041667,0.690836237,9.810203777,13.69178322,11.76913194,1021.624702,1028.259233,1026.835069,15.67289899,15.92070039,15.92070039,22.2064798,33.24055944,33.18059233,76.25261584,0
12,49,215.6278607,4.213532338,7.031358885,4.182167832,16.01188811,0.670452962,0.358776224,10.43054229,13.65755245,10.53405594,1024.542189,1029.576655,1029.576655,15.00848259,15.33587413,14.75482517,33.35393532,33.41727273,33.33409091,65.90148421,3
12,50,176.9676778,4.374092491,5.848432056,2.918881119,19.18780488,0.956805556,0.637202797,9.074306315,11.65850694,10.70695804,1019.558876,1023.905903,1022.812937,15.1753456,15.36739583,15.18314685,33.4349279,33.59423611,33.59423611,74.28513056,0
12,51,232.6334165,3.147830424,4.337192982,3.014285714,19.06132404,0.425069444,0.317560976,9.357401496,12.59595819,10.65407666,1025.647431,1032.911888,1032.911888,14.42406983,14.56463158,14.46031359,33.37938155,33.67505263,32.49644599,69.23250249,0
12,52,297.2316891,3.846636771,4.868292683,3.811188811,21.04982578,0.518402778,0.299860627,6.102316891,8.776585366,7.149020979,1025.451071,1030.566783,1027.871329,14.46552566,14.77875,14.28199301,33.26018435,33.63534722,33.54222997,67.74451317,0
1,1,284.2689621,3.817265469,4.902430556,3.381338028,14.42937063,0.432430556,0.40471831,8.366362275,11.55373239,11.55373239,1022.557984,1029.704545,1029.704545,13.7659481,14.11087413,13.62820423,31.88765968,32.81171329,32.5296875,67.4301338,0
1,2,291.3484321,4.148083624,4.973867596,2.847038328,21.56376307,0.52630662,0.325609756,4.356859134,5.82184669,5.48097561,1021.422349,1024.510453,1024.510453,13.3321553,13.54926829,13.54926829,30.67520159,30.99340278,30.99340278,68.420199,0
1,3,254.7086653,5.180926295,9.356097561,7.724652778,18.09964912,1.194111498,0.669583333,3.339581673,8.404773519,6.700696864,1018.867231,1025.402439,1024.02892,12.70069292,13.05874564,13.05874564,30.65844467,30.9643007,30.52219512,74.67996816,0
1,4,276.6860987,5.548878924,7.928421053,5.731707317,20.69442509,0.762727273,0.49875,1.112272048,5.836888112,2.663706294,1025.683807,1028.561806,1028.561806,12.2093423,12.38230769,12.25672474,31.30167912,31.56600694,31.02320557,60.71980386,0
2,5,240.0044776,4.730895522,6.380208333,4.567944251,13.29031142,1.278811189,1.278811189,4.660298507,6.819160839,6.819160839,1024.013781,1025.233798,1025.177352,12.10176354,12.26593103,12.26593103,31.44408843,31.80557491,31.72151724,60.49795634,0
2,6,246.3638626,4.015131906,5.698611111,5.698611111,23.83263889,0.688715278,0.688715278,5.94802887,9.501045296,9.501045296,1021.593031,1027.166899,1027.166899,11.84240916,11.96993031,11.74614583,31.94994027,32.02795139,31.9665625,65.66673319,0
2,7,251.9538003,5.029359165,7.302777778,2.208710801,20.51707317,1.402430556,1.250905923,6.955673125,13.56233449,13.56233449,1017.195877,1023.298958,1021.03554,11.51464481,11.88770833,11.82888502,31.61013413,31.94759582,31.77066202,65.66550523,0
2,8,235.5190145,3.934833869,4.472569444,3.915972222,21.9480226,0.55770428,0.390520833,6.918205678,9.5221875,8.405104167,1026.665453,1032.143575,1032.143575,11.27170862,11.36145833,11.36145833,30.92074451,31.26041667,31.188125,55.67507508,0
3,9,278.5343625,5.049501992,6.446666667,4.670833333,19.46267606,1.017604167,1.017604167,7.123256972,11.13951389,11.13951389,1024.215239,1029.130526,1029.130526,11.70885842,12.18076389,12.05655052,30.62008475,30.799375,30.66020906,57.78658293,0
3,10,141.381782,3.594673967,4.762020906,3.135069444,23.92361111,1.060034843,0.726597222,10.39630164,12.94651568,12.94651568,1020.404032,1025.51875,1025.51875,12.31800896,12.45121951,12.44618881,29.37113489,29.93079861,29.07552083,65.18698213,0
3,11,219.881592,3.526865672,4.693356643,4.255400697,25.028223,0.460348432,0.460348432,7.918825871,11.76006969,10.905,1021.864179,1024.248084,1024.248084,11.99326866,12.03972125,11.95547038,28.28389552,28.97404181,28.97404181,58.57840207,0
3,12,107.5579314,4.706364993,6.232404181,5.240625,19.79303136,0.948536585,0.676608392,10.63258578,12.59311189,12.59311189,1018.090701,1023.190278,1021.096528,12.06828771,12.35585366,11.95174825,26.61178198,27.03602787,26.11118881,70.84637595,0
3,13,206.1944167,3.466301097,6.27804878,2.959859155,18.97326389,0.800316901,0.800316901,11.08035892,13.83059859,13.83059859,1019.969292,1024.174216,1024.174216,12.50154115,12.78337979,12.62545775,25.09049377,26.66313589,26.66313589,68.38148333,0
4,14,150.7401888,3.716741182,5.037847222,5.037847222,25.73031359,1.067944251,1.067944251,13.31240437,14.06940972,14.06940972,1014.668803,1018.956098,1018.956098,13.05564332,13.31501742,12.94222222,21.71878291,22.91149306,22.91149306,70.43311087,0
4,15,153.6327853,3.477279522,6.455985915,5.812237762,26.83414634,0.971840278,0.800880282,13.54652217,15.35362369,13.80265734,1013.758894,1020.35493,1020.35493,13.22439681,13.77609756,13.77609756,19.82832004,20.43163763,20.19856643,73.25844493,0
4,16,198.4676295,4.275846614,9.741608392,1.918531469,19.44006969,1.871888112,1.113797909,14.59766434,16.31346154,14.26423077,1014.118476,1021.851916,1020.777273,13.70888446,13.9379021,13.9379021,17.56471614,18.60892361,16.9406993,75.99870557,0
4,17,130.2507478,4.557028913,8.313541667,4.363888889,20.97465278,1.207438596,0.876805556,14.53122632,15.87086806,15.26364583,1011.660369,1017.30662,1017.30662,14.0303672,14.39845614,13.91534722,22.16350101,34.38635088,25.88646617,77.24238451,0
5,18,238.2348259,5.83840796,9.965625,9.965625,26.85902778,1.979305556,1.979305556,16.52824378,18.45440972,18.45440972,1010.838209,1015.187413,1014.885764,14.68324378,14.79413194,14.56404181,34.06448756,34.42797203,34.21428571,79.65655172,0
5,19,166.082464,3.173720815,4.555052265,3.682638889,24.86354167,0.858993056,0.858993056,16.32180825,17.78486111,17.7778125,1010.659613,1016.780903,1016.780903,14.88935917,15.36013937,15.36013937,34.23230999,34.42399306,34.3321875,74.98868982,0
5,20,170.7746127,3.632433783,6.127874564,3.32195122,17.35087108,0.73513986,0.73513986,16.78693153,17.86421603,17.86421603,1016.32019,1022.990244,1022.990244,15.537305,15.80274306,15.77777003,33.778785,33.95646429,33.7366899,71.83068204,0
5,21,152.7609562,3.641782869,5.596503497,1.668881119,20.46027875,0.576105263,0.390662021,18.46319223,19.11059028,18.6363986,1013.361952,1018.354514,1016.992308,16.60307769,17.23107639,16.44531469,33.69971614,33.77631944,33.69307692,73.84972189,0
6,22,152.7624254,3.414562624,7.296885813,7.296885813,20.98993056,0.743402778,0.743402778,19.16615308,19.70097561,19.44051903,1007.569284,1010.951736,1010.913889,16.6977336,17.37413194,16.86927336,32.89236083,33.57993056,33.17377622,80.74200596,0
6,23,137.8241431,3.676403378,6.887847222,4.428125,24.97272727,1.04125,1.04125,19.31188276,20.14652778,20.14652778,1010.544362,1012.802091,1010.700347,17.7582954,19.06700348,18.83468531,31.0123824,34.18569444,34.18569444,83.61837526,0
6,24,166.064741,2.643476096,3.909122807,3.219512195,19.12013889,0.559860627,0.559860627,20.73660359,21.8097561,21.8097561,1005.538098,1013.009722,1013.009722,18.64711653,20.06763889,19.52585366,33.79590637,34.00715278,33.79818815,83.93481939,0
6,25,163.6711443,3.688308458,4.303472222,3.41013986,27.88125,0.661324042,0.4528223,20.96133333,21.75194444,20.80122378,1007.751493,1012.319512,1012.319512,18.28036816,20.31878472,20.31878472,33.17881592,33.98342657,33.58674825,82.36287592,0
6,26,199.8159601,3.314962594,4.537062937,4.353146853,20.07377622,0.868292683,0.448776224,20.4614813,21.74132867,20.31041958,1007.986883,1011.693728,1011.363986,16.84601496,19.13153846,19.13153846,32.4934414,32.9445993,32.8506993,75.21982501,3
7,27,188.3192442,3.731924416,6.70174216,4.372916667,27.77762238,1.198466899,1.198466899,20.14838389,21.16808362,20.49444444,1011.337842,1015.034028,1015.034028,16.02314769,16.73625,15.62149306,32.40585778,32.8878125,32.42489583,74.33598647,0
7,28,177.0869781,2.264910537,4.052430556,2.465277778,25.15694444,1.042926829,0.292708333,22.36292744,23.62545139,21.809375,1004.164761,1010.427431,1010.427431,17.80501491,19.2321875,16.73840278,31.88569085,32.35225694,32.35225694,80.15744512,4
7,29,103.8839063,4.038166418,5.830769231,4.703496503,23.31188811,0.755052265,0.627902098,23.23084704,23.71752613,23.51713287,1008.764026,1013.222028,1012.951399,22.09456901,23.41877622,23.41877622,25.75914798,28.78722222,24.24737762,81.22779654,4
7,30,187.1568123,3.706580977,4.708710801,4.086062718,23.23496503,0.601324042,0.601324042,24.23466324,24.93753521,24.13860627,1009.382879,1011.747203,1010.683972,21.38535219,23.96811765,23.61848592,23.72317738,24.47769231,23.01087108,74.76229264,4
8,31,165.5229312,2.51665005,4.144791667,1.052097902,24.68125,0.463263889,0.219195804,25.53071785,27.09215278,26.28202797,1009.827418,1010.830208,1010.783916,21.64571286,24.52454861,20.96192308,18.81176969,22.04708333,19.81398601,76.9827158,0
8,32,134.74751,2.579681275,5.367361111,5.367361111,22.83566434,0.4653125,0.4653125,27.87595618,29.44736111,27.64986111,1008.55254,1010.172028,1008.424653,27.0578575,29.23232639,27.75121528,11.91354945,13.76764912,13.76764912,78.63602065,5
8,33,144.4321233,3.399453008,4.451748252,4.451748252,22.53263889,0.497735192,0.497735192,28.51643958,29.34836806,28.15048951,1003.801641,1006.846875,1005.822727,27.72134759,29.16581882,29.08083916,16.87328142,18.37436842,18.24120559,88.0300169,3
8,34,55.60934394,5.119532803,5.869097222,5.508741259,27.33854167,0.806480836,0.806480836,27.77034791,28.13818815,28.12832168,1006.093091,1006.752962,1005.279021,28.52789761,28.72637631,28.62374126,21.83301338,22.98108772,22.71476206,90.78806564,0
9,35,179.7662854,5.910890104,9.701748252,5.761458333,19.81538462,1.496875,0.800555556,23.71175037,25.41066434,25.41066434,1000.749826,1008.156446,1008.156446,25.72223881,27.53341463,27.53341463,25.214983,26.96184586,25.8452972,106.0325979,5
9,36,113.7894212,3.300449102,5.193684211,2.05087108,21.19508772,0.749438596,0.749438596,24.3050998,25.27126316,25.03264808,1007.911078,1009.703158,1008.43101,24.15196108,25.46801394,25.46801394,28.48373016,29.57818609,28.7535861,95.26757482,0
9,37,65.05544456,3.707242757,4.636491228,4.609027778,23.40140351,0.858912281,0.822638889,23.63176823,24.236875,24.12427083,1014.688911,1017.562238,1017.501053,25.22189447,25.69184502,25.61732639,31.75247731,32.19452632,31.661875,95.16829123,0
9,38,66.83515936,5.355179283,8.404895105,3.579020979,21.51527778,2.007526132,2.007526132,21.92096614,23.94479167,21.68541958,1013.321663,1019.030903,1017.115385,23.73228201,24.69708333,24.69708333,31.61819631,31.87660839,31.87660839,96.49138189,5
9,39,94.04875622,3.55119403,5.560627178,2.561111111,19.50069444,1.110836237,1.110836237,22.40031841,23.84188811,23.08423611,1015.698507,1016.817014,1016.455749,23.35073668,23.62703833,23.58190972,30.60562469,31.92298611,31.92298611,89.91164179,0
10,40,103.4834184,4.47372449,12.26870229,12.26870229,24.99755245,1.879621212,1.879621212,21.98690249,23.98013986,23.98013986,1013.721096,1017.292388,1017.292388,22.93397959,23.10643357,23.10643357,30.83823342,31.14065972,30.79536332,86.42392925,0
10,41,146.7656789,4.245367285,10.23659866,10.12333523,24.05980227,1.533682923,1.533682923,19.29949049,21.61715277,21.61715277,1016.34114,1019.426755,1019.18752,21.76842609,22.02303225,21.90728178,31.50938618,31.74422301,31.47738187,81.76134671,0
10,42,190.0479394,4.017010081,8.20449503,7.977968167,23.12205209,1.187744634,1.187744634,16.61207849,19.25416568,19.25416568,1018.961183,1021.561122,1021.082653,20.60287259,20.93963093,20.70812998,32.18053893,32.34778631,32.15940041,80.01231747,0
10,43,233.3301999,3.788652876,6.1723914,5.832601105,22.1843019,0.841806345,0.841806345,13.92466649,16.89117858,16.89117858,1021.581227,1023.695489,1022.977785,19.43731908,19.8562296,19.50897819,32.85169169,32.9513496,32.84141896,88.35611404,0
11,44,276.6124604,3.560295671,4.14028777,3.687234043,21.24655172,0.495868056,0.495868056,11.23725449,14.52819149,14.52819149,1024.20127,1025.829856,1024.872917,18.27176558,18.77282828,18.30982639,33.52284444,33.55491289,33.5234375,73.2823775,0
11,45,171.7450298,4.354920477,5.327777778,4.870731707,17.63216783,1.102743056,0.893972125,14.22957753,16.64487805,12.5810453,1020.509642,1025.363542,1020.451568,18.43679423,19.25885417,18.63663194,33.53572068,33.73229167,33.63604895,76.70715706,0
11,46,244.6076579,2.794331179,3.887719298,1.757839721,25.1245614,0.883194444,0.883194444,15.3143461,17.86447917,16.47829268,1019.906266,1023.235889,1022.224739,17.5926007,17.84600694,17.74062718,31.182546,32.52003472,32.52003472,81.09666832,0
11,47,212.4051767,3.845345943,4.921527778,3.070486111,20.98037037,0.746398601,0.695277778,13.45119462,16.90245614,16.50239583,1018.322399,1022.426389,1018.909375,17.16371988,17.48989583,17.48989583,33.8613253,34.18951389,34.183125,78.86658714,0
12,48,263.5760437,3.786928429,4.711805556,3.072125436,18.41567944,0.827247387,0.827247387,9.527176938,13.24108014,13.24108014,1024.437475,1030.066202,1030.066202,16.38305666,16.63620209,16.54393728,33.47781312,33.90315972,33.81236934,73.59185908,0
12,49,288.3873695,3.68577822,4.108391608,3.156794425,20.29305556,0.441853147,0.441853147,10.09613625,12.6265035,10.7958885,1021.227051,1027.534843,1027.534843,16.00349751,16.37320557,16.37320557,31.09527861,32.05243902,32.05243902,71.73442166,0
12,50,266.554672,3.49388668,5.646527778,3.393728223,24.34773519,0.944843206,0.944843206,8.666916957,11.8828223,11.8828223,1019.75174,1026.126736,1026.126736,15.19946819,15.62390244,15.62390244,30.45186382,30.63788194,30.46547038,75.59928301,0
12,51,219.5614734,4.268690891,8.2625,5.181597222,23.71145833,1.669756944,0.751805556,10.49940767,14.74365854,14.74365854,1023.328024,1028.756643,1028.756643,15.01971628,15.29263889,14.87993056,30.24561473,30.50695804,30.34284722,67.37077998,0
12,52,263.9542516,4.27553456,6.702439024,2.901393728,19.62996516,1.312465278,0.845261324,6.973654898,10.41159722,10.01536585,1022.756688,1027.99338,1027.99338,14.59701641,15.0269338,14.80289199,31.36702636,31.71595819,31.71595819,73.05625809,0
1,1,242.9706905,3.551962245,4.870833333,3.868055556,21.14843206,0.725520833,0.725520833,8.208042722,10.54704861,8.062395833,1025.0846,1029.90453,1029.90453,13.82283797,14.08774306,14.04892361,31.76459742,31.85732639,31.79675958,66.32664813,0
1,2,205.3600598,4.469671315,5.556293706,4.416319444,24.20314685,0.762430556,0.744340278,7.445786853,10.71253472,9.742708333,1018.645468,1026.294444,1026.294444,13.62997509,13.86620209,13.61222222,31.76436472,32.05708333,32.05708333,67.26057109,0
1,3,274.3961233,4.724552684,8.13902439,8.13902439,25.45659722,0.750662021,0.527595819,3.559840954,6.984878049,6.984878049,1023.161233,1029.63101,1029.63101,12.49519145,13.06326389,12.51745645,31.31851318,31.58315972,31.24979094,69.23473244,0
1,4,290.1181728,5.135898709,6.345804196,3.685416667,19.14409722,0.774236111,0.480034722,2.226847071,4.775590278,3.044479167,1025.854369,1031.148958,1031.148958,12.26703078,12.4253125,12.4253125,31.03220457,31.10864583,31.03552083,65.58006162,0
2,5,272.2270916,3.917280876,5.624125874,4.045454545,23.1125,0.851223776,0.33641115,6.438979084,9.555052265,4.317972028,1022.655976,1025.468293,1023.832867,12.02961175,12.21696864,12.09853659,30.41422101,30.7086014,30.19390244,63.18816509,0
2,6,272.6863817,3.917594433,6.182229965,2.978125,20.34250871,0.659027778,0.374791667,6.675805169,9.696944444,7.122708333,1017.339761,1024.003472,1024.003472,12.42863749,12.66700348,12.05825784,29.70882148,29.97337979,29.97337979,69.52397533,0
2,7,275.9284294,4.74945328,6.802083333,4.629370629,23.91114983,0.770416667,0.770416667,5.11555666,12.13118056,12.13118056,1024.199254,1030.337153,1028.711189,12.04928429,12.80802083,12.51094406,28.72429423,29.0654007,28.92010417,63.3049269,0
2,8,245.0014925,5.452537313,7.675609756,3.547569444,15.4625,1.296445993,1.17625,8.522293532,13.60348432,9.7096875,1017.342786,1028.348611,1028.348611,12.68342289,13.14020906,13.14020906,27.18058209,28.01418118,28.01418118,70.90004978,0
3,9,231.7695371,3.988850174,5.163541667,3.486062718,23.81958042,0.678263889,0.328776224,7.56199104,10.05069686,10.05069686,1020.381334,1025.863636,1025.863636,12.41423096,12.53965278,12.5341115,26.23868094,26.91432056,26.6743554,67.34323135,0
3,10,278.9264414,4.532554672,6.147038328,3.850694444,21.38397213,0.754703833,0.754703833,7.244681909,10.49649306,7.292118056,1014.645626,1018.678125,1018.678125,12.34057157,12.55847222,12.44010417,24.32430417,25.15777778,25.15777778,68.76942231,0
3,11,198.8551518,3.836485814,4.995121951,3.544791667,23.51498258,0.744912892,0.742013889,9.564664012,11.1074216,9.34,1019.295271,1022.445645,1021.095486,12.06760577,12.12875,12.12875,21.7110005,23.02442509,23.02442509,67.08061938,0
3,12,183.3369836,3.673967148,4.902083333,3.278819444,18.21748252,0.572195122,0.47520979,10.94169821,11.89086806,11.77291667,1020.17775,1024.590625,1018.768403,12.72065239,12.88795139,12.88795139,20.71476594,21.4908042,21.4908042,69.44484377,0
3,13,207.2163103,3.992640477,5.200348432,3.824041812,25.76388889,0.650451389,0.440313589,9.936887121,12.22466899,12.22466899,1020.100796,1022.345993,1022.345993,12.91129851,13.00344948,12.87534965,19.05369652,19.54003484,19.17461538,68.00492067,0
4,14,190.2784119,4.19146402,7.26097561,3.125259516,20.99409722,1.704808362,0.683298611,12.47962779,14.79369338,14.11006944,1018.055931,1023.43554,1023.43554,13.12186104,13.34292683,13.02548611,17.68985112,18.78017361,18.60906574,68.17329744,0
4,15,151.1934033,4.878310845,8.926923077,4.417894737,21.515625,1.30534965,1.30534965,13.68793603,14.83034722,14.00701754,1011.7551,1016.613889,1011.739437,13.66183816,14.11256944,14.00692308,17.5145005,17.73756944,17.02486014,71.40542968,0
4,16,224.2345,4.2906,7.33554007,2.234181818,21.28292683,1.111076389,0.868819444,15.077205,15.96602787,14.94861818,1008.9505,1014.936585,1014.679094,13.88823795,14.04710801,13.9129588,18.20450301,25.86910112,25.86910112,72.71211519,0
4,17,193.3827775,3.331159781,4.043205575,2.40174216,26.20659722,0.548680556,0.34010453,14.71280239,16.40045139,13.9371777,1014.951817,1019.893333,1017.687805,14.231714,14.56076655,14.56076655,34.79811659,34.87208333,34.73940767,65.2214169,0
5,18,150.7978142,4.401390959,6.402430556,6.402430556,27.23031359,0.922048611,0.708013937,16.09421262,17.49454861,16.1159375,1014.40765,1022.708042,1022.708042,14.43130154,14.99545139,14.77003472,34.81860407,34.89135417,34.89135417,66.58469141,0
5,19,217.5771912,3.880527888,5.54912892,2.001754386,21.9125,0.861818182,0.393157895,17.10328685,18.58565972,17.372,1012.24761,1014.065263,1014.065263,14.66759366,14.93863158,14.93863158,34.56856628,34.6734386,34.6734386,64.24627459,0
5,20,193.5598802,3.095359281,5.225174825,2.277622378,20.31201413,0.61006993,0.53972028,16.79,17.74045455,16.55307692,1010.301148,1014.715385,1014.715385,14.71757724,15.12723776,15.12723776,34.81663957,34.88136,34.7727972,66.89309932,0
5,21,189.5958188,3.983773021,4.920486111,4.211149826,24.54300699,0.446701389,0.21630662,17.82804283,19.21017606,17.5020979,1011.620408,1014.750704,1014.289583,15.13280876,15.48486014,15.32465035,34.62156375,34.72381944,34.53174825,64.51968191,0
6,22,201.5146986,3.897359243,4.793031359,4.572473868,26.01021127,0.590243056,0.451993007,17.3535426,18.09278746,18.09278746,1007.72008,1012.815679,1012.815679,15.44783259,15.57968641,15.53010453,34.52903338,34.78592334,34.78592334,68.64014737,3
6,23,145.6416501,3.75333002,5.236933798,3.079513889,18.03576389,1.207762238,1.207762238,18.09905567,19.17572917,16.82107639,1009.602883,1015.83101,1015.83101,16.37483101,17.28602787,17.28602787,34.48792744,34.7103125,34.7103125,74.54608661,3
6,24,143.8929293,4.437525253,6.529166667,4.073263889,21.70588235,0.931111111,0.476423611,18.89010606,20.57706294,19.69260417,1010.019192,1015.226389,1014.997569,16.61144517,17.67631944,17.67631944,34.06353714,34.43701754,34.40527778,73.03368568,0
6,25,152.4798608,3.409149677,6.66445993,2.184722222,18.89409722,0.921909722,0.500173611,19.73642964,20.17898601,19.7190625,1008.802337,1011.445993,1011.445993,17.87418118,18.84303136,18.28738676,31.58620707,33.63156794,33.63156794,77.5387747,0
6,26,119.877988,2.431175299,4.077430556,2.281818182,25.4486014,0.469651568,0.291783217,21.0148506,21.66383275,20.61444056,1007.93755,1012.188772,1012.188772,17.96038845,19.21550523,17.21146853,28.15070717,28.99204861,27.88699301,81.4823132,3
7,27,197.7761194,3.922039801,7.347735192,3.507317073,22.4630662,0.756689895,0.360696864,21.44900995,22.1589547,20.94571429,1009.010697,1011.183624,1010.708741,17.23997512,18.23696864,17.61261324,26.49880597,27.8600346,27.50804878,79.0342806,0
7,28,226.5375809,4.107018417,5.376736111,3.633680556,22.16215278,0.958888889,0.958888889,21.64432056,22.14398601,21.96347222,1007.903534,1010.067483,1008.930903,16.93889,17.82888112,16.44020833,24.96821304,25.68083916,24.71177083,79.32091036,4
7,29,221.1018887,3.375049702,4.854703833,4.07804878,22.11458333,0.5084375,0.364826389,22.99562624,24.93836806,21.39662021,1009.44498,1012.133333,1010.894444,17.76154573,19.17703833,18.16390244,22.22521372,23.1895122,23.1895122,76.38037968,0
7,30,140.0686567,3.863134328,6.835416667,3.591289199,27.00594406,0.787083333,0.787083333,23.67343284,24.92232639,23.61327526,1006.624925,1009.654167,1007.809028,19.84305127,23.78839721,23.78839721,19.80241911,20.69447917,19.83369338,81.27822541,4
8,31,82.7026355,4.040477374,6.829513889,4.919649123,19.6738676,0.733923611,0.430105263,25.84765291,26.79256944,24.65189474,1008.248235,1010.076471,1008.220351,25.42106415,27.58128472,27.58128472,16.88998508,18.38149826,17.76649123,83.60774578,4
8,32,121.9760599,4.176009975,6.291986063,2.661458333,24.66076389,0.855104167,0.855104167,28.52705237,29.9557193,27.77277778,1000.102145,1005.287108,1005.287108,27.97192519,28.87142857,27.23864583,15.30079302,16.46449477,16.46449477,93.72061465,0
8,33,78.2362009,4.39900547,5.800350877,5.800350877,22.6625,0.758472222,0.704230769,25.80493784,26.83885417,26.45083333,1006.807708,1010.378819,1010.378819,27.53011934,28.09547038,28.09547038,13.460363,14.06361111,13.77245614,90.3673287,0
8,34,160.1163255,4.031602596,5.915034965,5.915034965,23.99372822,0.750559441,0.750559441,26.24173739,27.50738676,27.50738676,1010.919171,1013.007692,1008.150699,24.57598901,27.52340351,27.52340351,10.88861006,11.80442105,11.80442105,83.03127506,0
8,35,154.2365,3.825174825,5.698586572,3.017482517,14.38601399,0.592334495,0.592334495,24.14629685,24.74133333,23.98646853,1011.015215,1014.843554,1014.843554,21.54814593,26.32485816,23.1737193,10.21352804,10.343125,10.343125,77.51643985,0
9,36,105.4915254,4.00772682,6.05261324,6.05261324,17.76807018,0.752229965,0.696573427,23.31146062,24.31881944,24.18182456,1010.958375,1014.855789,1014.451049,25.74030907,26.12364912,25.88787456,13.09676452,13.23349924,13.22418037,85.56582216,0
9,37,173.835992,2.894317049,5.337979094,5.337979094,16.94703833,1.053449477,1.053449477,23.78671486,24.43371528,23.97114983,1012.613908,1018.41324,1018.41324,23.50527473,24.67878049,24.67878049,15.98000101,16.12387347,16.10523574,81.21804062,0
9,38,152.2275896,5.864940239,10.49719298,10.49719298,30.73263889,1.759370629,1.759370629,23.1125,24.18104895,23.25975439,1010.645319,1017.488421,1017.488421,23.91394422,24.70652632,24.70652632,18.86323749,19.01424771,18.9862911,86.62015889,0
9,39,144.8243781,3.199900498,5.081881533,4.249477352,34.72385965,0.883090278,0.883090278,22.2019204,22.91414035,22.85843206,1011.845989,1015.227778,1012.814634,22.5437332,23.796875,23.5361324,21.74647397,21.90462194,21.86734647,81.91155719,3
10,40,155.7120758,4.242714571,6.635915493,3.249122807,63.72883212,1.480659722,1.480659722,20.64405891,22.21267361,21.75196491,1017.929142,1022.774648,1017.940351,22.85294059,23.16679577,23.10698246,22.16183734,22.66813387,22.65415497,78.45677663,0
10,41,161.9696366,2.963812842,3.743006993,3.743006993,55.46770833,0.893923611,0.54630662,21.24427078,22.5082807,22.41548611,1018.637581,1022.056446,1021.201389,21.76472347,22.10877622,22.10877622,24.94123298,25.36763012,25.33850821,79.23379077,0
10,42,81.65256346,5.69776008,8.276041667,5.193006993,46.6548951,1.632777778,1.184599303,18.55980587,19.26364583,18.58590909,1021.673021,1025.082517,1024.136713,21.17103036,22.03996516,21.50388112,27.72062862,28.06712638,28.02286146,78.4964659,3
10,43,113.2656434,4.691651652,7.193356643,0.449275362,51.37937063,2.366097561,2.366097561,17.38384298,19.20902098,17.73326531,1016.700709,1024.213497,1024.213497,20.23864146,20.70414634,17.57846939,30.50002426,30.76662263,30.7072147,86.68175037,3
11,44,216.8634098,3.75558325,5.524475524,3.328222997,20.13111888,0.672961672,0.672961672,16.61037388,19.11188811,16.11696864,1018.885237,1023.679514,1023.679514,19.67213965,20.0801049,19.79979094,33.2794199,33.46611888,33.39156794,84.41732988,0
11,45,239.4016882,3.565789474,4.648263889,3.818055556,26.31909722,0.617430556,0.226805556,15.58799404,19.07,17.46618056,1021.858391,1027.19338,1025.04878,18.20072565,19.27052083,19.27052083,33.43506461,33.53184669,33.50388889,71.85369517,0
11,46,273.2513661,3.778191754,5.718466899,2.663541667,20.16145833,0.554773519,0.316215278,12.70613015,17.13731707,15.27491289,1018.682514,1023.398958,1023.398958,17.24312127,18.07982578,17.48170732,32.50604871,33.29791667,33.16486014,68.92319187,0
11,47,283.3143428,3.604347826,4.496180556,4.378472222,20.32972028,0.458090278,0.279895833,8.531309345,11.36756364,11.05399306,1020.983558,1025.370486,1025.370486,16.07494253,16.78399306,16.78399306,28.67668666,29.85538182,29.85538182,63.09122597,0
11,48,249.6260609,3.723514728,4.51358885,4.111149826,16.31811847,0.574131944,0.339163763,11.63203694,15.0966899,14.61017361,1022.976335,1026.774737,1026.774737,15.58114885,16.19857143,15.68916376,30.66733267,33.79592334,33.7512892,54.09552744,0
12,49,293.1377424,3.640477374,4.805244755,4.010763889,25.0122807,0.468090278,0.453066202,6.19602188,8.983402778,4.220902778,1023.112233,1027.954007,1027.779167,14.72253486,15.16982639,15.16982639,33.61005976,33.77618056,33.75354167,59.33189525,0
12,50,289.7584493,4.455815109,7.011805556,2.795138889,19.85208333,0.668,0.517013889,3.230228628,8.544843206,8.544843206,1022.28663,1028.884028,1028.884028,13.94468688,14.488125,14.34867596,31.34479125,32.61520833,32.61520833,63.81084313,0
12,51,291.8053625,3.931082423,4.410452962,3.610452962,20.97916667,0.568923611,0.325749129,4.120034774,6.559236111,3.765226481,1027.039275,1029.896528,1027.686411,13.50748509,13.95159722,13.37414634,30.14029821,30.36972222,30.12989547,60.10006984,0
12,52,275.0756219,4.284328358,5.232752613,3.985763889,19.19756098,0.729268293,0.721145833,5.89180597,11.26376307,8.799722222,1022.105423,1026.74669,1026.093403,13.51490791,14.04529617,13.74,29.74218517,29.90543554,29.90543554,58.40924948,0
1,1,268.8981113,3.780168986,4.747735192,3.606968641,25.41215278,0.740694444,0.740694444,5.853518887,8.178571429,3.919303136,1024.415209,1026.540418,1024.39547,13.22427435,13.43087108,13.27749129,29.0412326,29.66684028,28.58916376,65.77995992,0
1,2,268.2127237,4.668141153,7.357839721,5.252083333,22.284375,0.751184669,0.674548611,4.026968191,8.242578397,5.326794425,1016.797863,1023.487456,1023.487456,13.1392992,13.56680556,13.43989547,29.78880219,30.89375,30.89375,68.47072319,0
1,3,255.6686567,3.374975124,4.445833333,3.235888502,18.88611111,0.827944251,0.563031359,5.818736318,10.2413986,10.07006969,1023.570697,1030.96899,1030.96899,12.61997512,12.97076389,12.67982578,31.03818905,32.24552083,32.04634146,61.72887781,0
1,4,260.1097864,4.481867859,6.611458333,3.511111111,20.42447552,0.740522648,0.312569444,3.049811133,7.72625,7.632395833,1020.616551,1024.156446,1024.156446,12.0520189,12.81663194,12.81663194,31.94278468,32.22364583,32.22364583,63.87817106,0
2,5,273.0815109,3.826292247,4.971875,2.689583333,25.76354167,1.024494774,0.969166667,0.732350895,4.273090278,4.273090278,1023.324006,1026.070035,1025.740972,11.58948807,12.17567944,11.6528125,32.32384195,32.46512195,32.374375,65.1696571,0
2,6,290.3801489,4.450024814,6.034722222,5.780902778,25.11805556,1.016354167,0.7009375,-0.556198511,4.459861111,1.617777778,1023.633002,1025.040625,1023.503819,10.68755831,11.17836806,11.05024306,31.90656576,32.53569444,32.33586806,60.62815524,0
2,7,245.4206862,5.000198906,7.157986111,7.157986111,20.71423611,0.882013889,0.568327526,5.129035306,9.232256944,8.373438596,1019.917504,1022.930556,1022.930556,11.31028344,11.89804878,11.89804878,32.17325211,32.57798611,32.34105263,59.61452847,0
2,8,221.4093393,3.162791853,3.927777778,3.812847222,20.85555556,0.564965278,0.564965278,6.403397914,8.586097561,4.832222222,1020.538748,1023.812153,1021.672569,11.10736215,11.26020833,11.17354167,31.99632886,32.50480836,31.00399306,56.40776018,0
3,9,188.8606272,4.603235441,6.756401384,6.756401384,25.57474048,1.260590278,1.260590278,8.960502738,11.00770035,8.818685121,1018.828074,1026.060702,1023.796528,11.77425585,12.28937282,12.14124567,30.34199104,32.19416084,28.3916263,61.6190192,0
3,10,148.9796223,5.151093439,7.927777778,2.929861111,25.25520833,1.566853147,1.356388889,8.214935388,13.08579861,13.08579861,1018.525547,1028.413684,1028.413684,11.86124876,11.9338676,11.90458333,31.09586567,32.35801394,31.75236111,58.48861772,0
3,11,212.3346594,4.113973148,5.250694444,3.980555556,18.43658537,0.870104167,0.870104167,10.99741919,14.34878049,14.34878049,1021.152263,1023.748772,1022.601736,12.37046743,12.63107639,12.0696875,31.85133267,32.30104167,32.30104167,55.54719603,0
3,12,125.3033317,5.879015415,10.83506944,5.83902439,21.17003484,2.348292683,1.17641115,7.310974639,10.50944251,10.50944251,1018.862805,1027.987847,1022.870486,11.95391348,12.21163763,11.87517483,31.97361014,32.58853147,32.58853147,57.48655941,0
3,13,233.5600794,4.041906653,4.984320557,3.883623693,20.19756098,0.588784722,0.462334495,13.04339623,14.54805556,14.27400697,1019.109335,1022.576736,1022.576736,12.67747766,13.03585366,12.83069686,32.21921053,32.57694444,32.17334495,62.00377284,0
4,14,158.4159708,4.514300626,6.514388489,4.489399293,24.95605536,0.921078431,0.52618705,13.4493737,15.58321555,15.58321555,1018.990387,1024.842857,1024.842857,13.10305686,13.31498233,13.31498233,31.69097027,31.87442907,31.39091873,60.10669603,0
4,15,242.3296867,5.590502238,7.505594406,7.505594406,16.24320557,1.053611111,0.607517483,12.52420189,16.77461806,15.92222997,1013.651417,1016.90453,1012.77028,12.82777442,13.11152778,12.95393728,31.05126888,32.59790076,32.59790076,64.15592412,0
4,16,154.5049702,4.295874751,6.781597222,5.052083333,23.59303136,1.336423611,1.336423611,13.56323062,14.3254007,12.79333333,1015.943688,1023.4125,1023.4125,13.18092445,13.42902439,13.08493056,34.09308151,34.17684028,34.11208333,60.05737378,0
4,17,146.5382294,4.706740443,7.396180556,4.418881119,20.43108614,0.738188153,0.711254355,14.12591549,16.24,15.69581882,1015.367757,1019.160702,1016.120833,13.53333501,13.82034843,13.82034843,33.76328133,34.08808362,33.54916084,64.62878486,0
5,18,200.5998004,4.576546906,7.164788732,4.969337979,24.29545455,0.628877193,0.42815331,15.7013523,17.06815331,17.06815331,1012.193214,1016.265157,1014.44878,14.1941958,14.48102113,14.36850174,33.561215,33.66738676,33.54195804,67.35430562,0
5,19,155.4396423,5.414406359,8.066666667,2.52027972,18.16655052,1.06125,0.9975,14.44697963,15.67055556,13.73653846,1014.588618,1022.707692,1022.707692,13.70510934,14.27304196,14.27304196,32.8461324,33.29191638,32.86312281,67.72853736,0
5,20,222.9930417,4.507803181,6.73125,6.73125,26.84756944,0.726527778,0.726527778,17.46384692,19.13979167,19.13979167,1010.84836,1018.199303,1018.199303,14.26925944,14.50529617,14.18767361,33.27024366,33.54107639,33.54107639,71.64629039,0
5,21,110.385974,5.577298701,8.289198606,8.289198606,36.00304569,1.145818815,1.145818815,15.7910343,17.47034653,15.72533101,1012.718451,1018.786063,1018.786063,15.25382735,17.431133,17.431133,33.48686222,33.63595819,33.48968641,74.1868361,0
5,22,169.6466667,2.126923077,2.945964912,1.985211268,81.61009615,0.3128223,0.266514085,18.48081026,19.25227848,19.03246479,1009.791068,1011.346154,1010.143662,16.46266564,19.41868644,15.86584507,33.84388611,33.92341549,33.92341549,78.57951723,0
6,23,203.8610695,2.689555222,4.307665505,1.638515901,19.12614841,0.286180556,0.208971631,18.92771114,19.37530035,19.15088339,1012.669415,1014.1053,1014.1053,16.10554,16.63811847,15.9280212,33.9904,34.05066202,33.98650177,71.12071535,0
6,24,76.92974589,5.218036871,8.576140351,4.074216028,24.43832753,1.168571429,0.962020906,19.10164923,20.92701389,19.03327526,1005.95416,1009.014634,1008.10386,18.92460887,19.55926829,19.45756098,33.49476333,33.79315972,33.51487805,82.26850378,0
6,25,137.0034913,3.889476309,7.710069444,1.076056338,22.31608392,1.157673611,0.57045614,20.09330673,22.19803509,21.14239437,1007.855112,1013.335192,1013.335192,18.84856287,19.85456446,19.83202091,33.32696108,33.54454225,33.54454225,78.56710043,0
6,26,207.5032484,3.268915542,5.884615385,5.884615385,24.15316901,1.140454545,1.140454545,20.8696002,21.97881533,19.41007018,1006.290505,1010.716667,1006.323693,17.12822911,17.71243816,16.02733333,33.43133567,33.59364912,33.16466667,74.88868869,0
7,27,167.8415546,2.679272546,6.460915493,6.460915493,28.09260563,1.547762238,0.484201389,22.20046836,23.86554386,22.8989547,1004.833582,1011.689583,1011.689583,18.5320399,21.67688811,21.67688811,30.90945636,32.67641115,32.50711806,84.19152413,0
7,28,150.3685,3.4374,5.177700348,3.782926829,25.45248227,1.097027972,0.818222997,21.61861,25.21776596,25.21776596,1012.94855,1016.207692,1016.112892,21.52784,22.10435088,21.5289547,29.366535,29.72407018,29.44365854,82.87591837,0
7,29,191.2804391,1.426846307,2.404946996,0.729616725,28.24599303,0.547038328,0.547038328,23.39229042,24.45267361,23.69087108,1011.073104,1011.742857,1010.969686,18.96840739,20.79268293,19.93021053,30.63208687,30.98902439,30.88674825,75.13640452,3
7,30,180.7657201,1.847534316,3.175874126,2.890877193,24.92048193,0.666527778,0.634773519,25.87998985,26.6421875,26.6421875,1008.205885,1009.326389,1009.326389,20.79142421,21.57583916,20.51295139,28.87780787,30.20528169,29.90559028,79.87243298,0
8,31,71.40548628,5.063504743,7.203508772,5.285365854,38.80627178,0.89541958,0.388362369,28.02795511,28.63912587,28.49519164,1004.276635,1006.242361,1006.242361,26.26638404,27.73298611,27.50585366,31.81994497,32.58769231,32.47715789,86.81339232,1
8,32,131.2226131,4.103417085,5.535314685,3.356643357,29.3443662,0.653516484,0.402020906,27.83468342,28.56167832,28.56167832,1006.640251,1008.258741,1008.258741,26.29230266,27.88993056,27.8848951,31.01576672,31.44391608,31.44391608,82.57592593,3
8,33,99.01446384,4.231122195,5.664210526,3.309059233,30.34808362,0.73506993,0.44358885,27.69502743,28.84777003,26.9228223,1007.586584,1010.294774,1010.294774,26.98836409,27.81425087,27.05222997,30.34037905,30.70522648,30.70522648,90.03908997,0
8,34,109.8430493,5.216292975,8.983916084,7.019512195,23.21045296,1.446180556,0.395679443,26.47774788,28.91759582,27.36648084,1007.397559,1012.227972,1011.110801,26.39557549,26.66923611,26.60351916,28.68817638,29.50797203,29.18480836,90.23792043,0
8,35,223.9017456,4.601995012,10.83916084,10.83916084,30.84216028,1.648776224,1.648776224,24.60175561,26.45314685,24.34642361,1009.412519,1012.488028,1010.366667,21.39221446,24.8348951,24.8348951,28.02293766,28.93770833,28.93770833,86.08759921,0
9,36,176.8991555,4.02533532,5.69825784,3.825174825,22.91048951,0.531881533,0.441223776,23.88257824,25.16899306,23.75465035,1005.931014,1011.685417,1010.137762,22.57507992,24.15229167,23.58638889,27.20998002,29.72819495,29.72819495,87.91250868,0
9,37,96.15239044,5.056523904,6.659581882,6.659581882,27.62797203,1.744631579,1.744631579,22.23948705,22.96204861,22.91996516,1014.950797,1019.82892,1019.82892,21.54276892,22.3294386,22.3294386,32.17290339,32.50375,32.50375,76.94696594,0
9,38,109.8645,3.0155,4.772569444,4.147735192,18.18472222,0.539409722,0.505121951,22.94723,23.6856446,23.11100694,1013.90865,1015.809408,1015.809408,22.382255,22.70603636,22.25452962,29.955045,31.03006944,29.32937282,79.04573413,1
9,39,155.4466068,4.367265469,7.747368421,2.934615385,22.84652778,1.362027972,1.362027972,21.63797405,22.94800699,22.84629371,1015.205339,1017.464931,1017.222887,22.55028457,23.33863636,22.75146853,29.00671493,29.50251748,29.50251748,79.77003968,3
