month,week,avr_wind_dir,avr_wind_speed,avr_high_wind_speed,high_wind_speed,avr_current_speed,high_current_speed,high_wave_height,avr_air_temp,avr_high_air_temp,high_air_temp,avr_air_press,avr_high_air_press,high_air_press,avr_water_temp,avr_high_water_temp,high_water_temp,avr_salinity,avr_high_salinity,high_salinity,avr_tide_height,bd_jelly
1,1,0.843525121,0.424965469,0.471693904,0.257273291,0.297143979,0.251522795,0.210278782,0.256133533,0.190929121,0.253194522,0.683819677,0.744281664,0.772485088,0.133997272,0.104026753,0.102837195,0.975152861,0.973127117,0.973127117,0.133253376,0
1,2,0.939489397,0.404578539,0.388788755,0.253618976,0.344370358,0.213610057,0.090552861,0.116222324,0,0.032638545,1,0.880286327,0.891391754,0.089893654,0.071042264,0.052852547,0.972168595,0.970162195,0.969163594,0.038832997,0
1,3,1,0.516683793,0.451319822,0.302107449,0.336383463,0.184646144,0.194632964,0.157050718,0.102495506,0.086792513,0.834402029,0.804719209,0.701528234,0.103576466,0.107407134,0.09114311,0.965880471,0.967852399,0.964197813,0.083026862,0
1,4,0.873672169,0.546352501,0.505968602,0.413699842,0.219817259,0.09040277,0.326549392,0.352315227,0.353336719,0.432206289,0.704375317,0.683038116,0.603111784,0.091514272,0.067553363,0.072933848,0.92546609,0.947729031,0.941435255,0.131314092,0
2,5,0.599347408,0.45662662,0.548739725,0.169030411,0.278478056,0.248387241,0.132774035,0.257115091,0.314111238,0.293874489,0.629660584,0.744938643,0.773166962,0.094409845,0.082328288,0.069816762,0.928545545,0.929724508,0.914165567,0.21120263,0
2,6,0.025606447,0.613567525,0.762797635,0.762797635,0.130329499,0.079837668,0.589287459,0.166643902,0.089915937,0.134504004,0.765348936,0.806510348,0.837071834,0.122974004,0.117933522,0.123781359,0.945825088,0.950917199,0.936982046,0.235571865,0
2,7,0.313108934,0.588891904,0.689046347,0.384902741,0.197502924,0.150508961,0.438115442,0.221930138,0.151658322,0.157233103,0.892795816,0.790290752,0.73042912,0.095882917,0.070648821,0.076810141,0.900267955,0.931304447,0.926426756,0.174084227,0
2,8,0.605386681,0.374888075,0.372308842,0.372308842,0.236741851,0.144840837,0.113925009,0.328074613,0.305082788,0.319474232,0.912216257,0.847183259,0.879285983,0.109520071,0.092122169,0.098141127,0.809454931,0.86902908,0.733684682,0.18368341,0
3,9,0.295092504,0.449187885,0.402104131,0.24547025,0.299357588,0.225544884,0.247611605,0.301829089,0.244991719,0.316717913,0.726401096,0.744189544,0.772389477,0.107074206,0.090789427,0.096817221,0.823758059,0.837256674,0.815397366,0.205318202,0
3,10,0.846677915,0.506025243,0.452244603,0.313932039,0.229065639,0.274394719,0.619532821,0.259068102,0.293254087,0.139719315,0.741443611,0.789209715,0.707940883,0.077434464,0.053521797,0.059230714,0.826114141,0.866652509,0.866652509,0.243700792,0
3,11,0.643916008,0.592935704,0.698149661,0.474728342,0.264462923,0.173447733,0.232250533,0.373292047,0.375108426,0.267636846,0.615728005,0.585329377,0.583752105,0.07781071,0.056676096,0.057592154,0.853258685,0.874923089,0.868423695,0.261268363,0
3,12,0.743258665,0.41849294,0.46261949,0.265132319,0.185606483,0.106342952,0.244284168,0.438480656,0.391187998,0.467306965,0.661117276,0.746334241,0.774615445,0.101499329,0.082480543,0.086403515,0.862001262,0.894321855,0.872865125,0.202507663,0
4,13,0.461181139,0.290121099,0.335747568,0.270293934,0.324451946,0.20508876,0.29312965,0.485985514,0.408740478,0.485285569,0.485194174,0.486480741,0.50491519,0.120899081,0.101789898,0.092028866,0.895342185,0.907456775,0.905370522,0.300402471,0
4,14,0.648575862,0.509938752,0.553045736,0.553045736,0.143815444,0.105889504,0.109466273,0.429224121,0.416699557,0.448313173,0.537724293,0.477764567,0.495868731,0.138189513,0.114380272,0.105954831,0.866180949,0.883432415,0.883432415,0.325913973,0
4,15,0.392087278,0.419087273,0.3353754,0.312169176,0.260676762,0.209702059,0.123937045,0.522824239,0.52606863,0.597691189,0.592638297,0.552935847,0.547697706,0.15817609,0.133433718,0.133190503,0.833072542,0.85027857,0.827705947,0.263992147,0
4,16,0.287596284,0.407095717,0.603853512,0.38753883,0.190997743,0.190614531,0.187115889,0.511004871,0.472676755,0.531532551,0.605812699,0.59814457,0.62081035,0.187918852,0.179905368,0.180727245,0.787173104,0.809282747,0.795951564,0.29184429,0
5,17,0.430683265,0.369367011,0.730206958,0.730206958,0.26763025,0.20462743,0.577948554,0.555505662,0.476009926,0.549159281,0.550765782,0.651606112,0.580453801,0.206431284,0.176519561,0.166306665,0.796207337,0.813021136,0.813021136,0.300116918,0
5,18,0.813089815,0.548201745,0.469612039,0.394676984,0.192220278,0.184781368,0.188645058,0.554305293,0.504185808,0.562539706,0.524211789,0.488737521,0.432077401,0.193492674,0.167432865,0.172952535,0.786254078,0.790384291,0.786115484,0.259729768,0
5,19,0.470034315,0.467354258,0.426343887,0.213651096,0.216958863,0.094356255,0.578950015,0.609852951,0.60002471,0.668544423,0.352903808,0.596233257,0.474166789,0.24031091,0.224051021,0.182347306,0.781043666,0.809834382,0.805145483,0.305072194,0
5,20,0.415696632,0.326171319,0.325694098,0.325694098,0.258421523,0.225990557,0.153602933,0.627505954,0.547601322,0.618320471,0.342306944,0.311443258,0.323244927,0.262382881,0.24116609,0.196993734,0.742486363,0.760069817,0.75044449,0.460310068,0
5,21,0.671723531,0.489617242,0.422109872,0.405745457,0.241975439,0.197024357,0.210761678,0.649276489,0.603017365,0.645782366,0.312763991,0.519340874,0.539020508,0.272864735,0.265852921,0.270720096,0.646868469,0.704042151,0.704042151,0.439467136,0
6,22,0.366012425,0.512750226,0.594342989,0.317197673,0.219728442,0.178912719,0.26084059,0.670551332,0.610386175,0.652689722,0.28551965,0.286872156,0.268213259,0.290641715,0.360510573,0.364750197,0.959839929,0.975283915,0.974313603,0.394158756,0
6,23,0.05704039,0.49179758,0.430049858,0.327948252,0.181974317,0.092005246,0.215880371,0.681219461,0.606732035,0.648715415,0.236699731,0.223901503,0.23238591,0.469013631,0.43779282,0.420238567,0.905918848,0.957000745,0.957000745,0.445807294,0
6,24,0.547661332,0.424353817,0.480797218,0.184318197,0.330260521,0.262351345,0.204854255,0.72582117,0.668050154,0.733715842,0.182830718,0.088714315,0.059845741,0.428470758,0.430541911,0.393692815,0.852765093,0.862033214,0.839003153,0.493752492,0
6,25,0.323076151,0.395349797,0.483271088,0.483271088,0.311842088,0.225180965,0.103371995,0.728274752,0.658261711,0.701951165,0.268626187,0.166521699,0.172831787,0.515304,0.484280747,0.487699812,0.869691548,0.957596229,0.87096546,0.497177679,4
7,26,0.350541718,0.294217505,0.338525435,0.120536605,0.360158466,0.23400549,0.264395285,0.761793254,0.699277949,0.729818606,0.198222907,0.212529494,0.220582977,0.452963489,0.442303612,0.446000972,0.945320907,0.95704035,0.943100307,0.46258163,4
7,27,0.134964273,0.422047288,0.468370473,0.280611023,0.154209116,0.219283528,0.456249715,0.813848427,0.836504998,0.89510312,0.170122259,0.237165757,0.246152793,0.616509617,0.598501096,0.601162913,0.872979453,0.885861024,0.885861024,0.467098857,4
7,28,0.740352456,0.379474777,0.332572157,0.286475177,0.33699974,0.201890688,0.073722339,0.793660874,0.889458364,0.945834814,0.233167547,0.280871009,0.29151419,0.454751123,0.561139654,0.564049167,0.796826008,0.816864194,0.816576675,0.453251161,0
7,29,0.663708476,0.503978404,0.482111083,0.252617659,0.29311369,0.183198286,0.085907865,0.805263151,0.766484741,0.800890303,0.321229868,0.302911292,0.314389655,0.415144494,0.414877127,0.375248964,0.793813017,0.817178357,0.817178357,0.341647104,0
7,30,0.343976091,0.390958494,0.581078161,0.581078161,0.30942771,0.226215814,0.271582073,0.845073233,0.876786676,0.836377708,0.348262904,0.255696251,0.210996786,0.513784288,0.574082409,0.493294435,0.696834581,0.724981596,0.677424385,0.330210584,0
8,31,0.389148327,0.688387701,0.615063864,0.564761375,0.219739285,0.077133382,0.849877678,0.876073726,0.910448423,0.96594423,0.134651283,0.122846623,0.127501709,0.640768561,0.720129706,0.675349438,0.643213744,0.69754975,0.579523784,0.622895911,4
8,32,0.239067311,0.484914036,0.595614563,0.280408727,0.302727266,0.173452168,0.730872455,0.831544246,0.795883698,0.824767938,0.143047838,0.142583833,0.138909706,0.669731279,0.627128529,0.624320151,0.677593868,0.703126923,0.672632813,0.661290721,0
8,33,0.414276096,0.469469078,0.478658662,0.391642546,0.14024569,0.056669143,0.302962548,0.832784147,0.786898292,0.801665667,0.351993953,0.280518213,0.291148025,0.678435261,0.619550682,0.621865905,0.60455978,0.616312631,0.592146412,0.609865654,0
8,34,0.441601887,0.408844753,0.394675775,0.346686183,0.301376115,0.151450556,0.131138156,0.82357814,0.76627557,0.827820185,0.388815672,0.430694903,0.388211742,0.606311134,0.575339426,0.523207953,0.606069106,0.649941292,0.631677348,0.529619348,0
9,35,0.245460981,0.574134546,0.460826788,0.43172077,0.15886166,0.112887935,0.190576866,0.809482874,0.76703624,0.828548942,0.411049768,0.391898054,0.406748436,0.68039999,0.626348997,0.591029713,0.561247279,0.575692125,0.546350812,0.552317872,0
9,36,0.395639275,0.372051832,0.376701552,0.234169675,0.435757515,0.30398194,0.115920978,0.825915912,0.776080236,0.814019009,0.339137292,0.296164031,0.292515111,0.646174451,0.596969163,0.599641136,0.850208251,0.917821918,0.914082114,0.553021041,0
9,37,0.288469108,0.442473279,0.470540043,0.343519595,0.155894227,0.058090629,0.213965727,0.798132236,0.756184614,0.818152598,0.507452143,0.421086941,0.437043391,0.704141231,0.658929262,0.62713196,0.928442907,0.937010335,0.925980461,0.495165603,0
9,38,0.31641887,0.543501125,0.440655941,0.373667115,0.168395771,0.045060484,0.274922409,0.787913321,0.719135147,0.763119786,0.498211478,0.4819442,0.372827216,0.728628195,0.681697539,0.683807789,0.8613138,0.902726916,0.902726916,0.569831242,0
10,39,0.273800299,0.389315467,0.408606498,0.362394046,0.175104805,0.075247069,0.319912185,0.759680383,0.730793308,0.726154246,0.523300788,0.465594482,0.483237478,0.708147021,0.647070788,0.646880897,0.764154715,0.770238292,0.760453005,0.514550315,0
10,40,0.281771631,0.572976649,0.720488903,0.552496647,0.187522314,0.121131137,0.57410844,0.691155184,0.664713017,0.730518715,0.59677295,0.58095403,0.602968401,0.642744297,0.6045936,0.607215026,0.721607436,0.749218888,0.73800441,0.569724429,0
10,41,0.333803953,0.703708619,0.786351156,0.786351156,0.155638982,0.147753594,0.913068973,0.657927992,0.628042229,0.681292678,0.58038553,0.599022066,0.621721099,0.584260161,0.534085753,0.524563445,0.686353988,0.702027896,0.690006714,0.728284997,0
10,42,0.513106199,0.386032413,0.453805171,0.453805171,0.229346687,0.125487157,0.562840875,0.627850223,0.652375463,0.718698786,0.687764395,0.644154951,0.664046967,0.567013718,0.515776712,0.515655947,0.710485263,0.721046579,0.700215986,0.563052787,0
10,43,0.781334927,0.362828856,0.377741931,0.298279436,0.21162015,0.160871637,0.117321375,0.625595875,0.590770561,0.659678534,0.749747283,0.734687231,0.762527089,0.550440343,0.501692694,0.492083716,0.698156518,0.704655942,0.698033294,0.403949283,0
11,44,0.586155521,0.276690663,0.339132323,0.253037841,0.294990589,0.196788449,0.17373968,0.6056173,0.545367067,0.607178124,0.573879432,0.569498855,0.591079149,0.476118364,0.473715896,0.477205002,0.722962242,0.919578707,0.919578707,0.389502461,0
11,45,0.646510007,0.476207432,0.558564002,0.231799924,0.273531134,0.212926934,0.192878443,0.507960029,0.504416222,0.534447644,0.672411159,0.650130795,0.674766515,0.401093962,0.385466132,0.389039448,0.931971107,0.945289758,0.945289758,0.276874437,0
11,46,0.735184856,0.353414296,0.328612938,0.230448197,0.167155371,0.1971321,0.061921245,0.39073585,0.312923482,0.34194519,0.865920712,0.787390655,0.817227629,0.311533831,0.280577938,0.285347491,0.93528484,0.948238233,0.938673146,0.133133064,0
11,47,0.407759898,0.398793384,0.476775065,0.151537879,0.287796382,0.239287421,0.522932777,0.492057695,0.415671715,0.471635726,0.71939667,0.677762558,0.665472562,0.297610132,0.261212319,0.2491042,0.876268999,0.921311275,0.915029704,0.317323118,0
12,48,0.668076686,0.572831174,0.599111392,0.246746254,0.217479661,0.164210128,0.18634477,0.34483083,0.418791585,0.49491498,0.556496676,0.521598085,0.431994731,0.288409937,0.30765169,0.312241752,0.888291994,0.908806603,0.903997752,0.297862913,0
12,49,0.758703023,0.468682028,0.444557361,0.388492511,0.270133686,0.170040988,0.14717362,0.205326657,0.254744917,0.337750931,0.822823173,0.935254689,0.705196936,0.206818396,0.191176923,0.196539177,0.901882597,0.903956207,0.90161233,0.124834248,0
12,50,0.81783234,0.495025144,0.52261466,0.394791776,0.167160248,0.160375393,0.081830122,0.110995814,0.082192254,0.09871301,0.82265711,0.874068708,0.852039016,0.183777342,0.178056315,0.183505555,0.90263771,0.912164121,0.899758071,0.260388833,0
12,51,0.83667735,0.433499883,0.422304817,0.225518179,0.314492029,0.202211058,0.382049746,0.186464914,0.172546701,0.12545201,0.804970583,0.848720487,0.880881462,0.187004026,0.187935808,0.170582175,0.926316489,0.930136112,0.922841409,0.105646367,0
1,52,0.796521669,0.457177071,0.475992062,0.475992062,0.20300431,0.170557712,0.11089301,0.210539673,0.19739108,0.176834755,0.703508933,0.812445173,0.84323155,0.154424204,0.124980052,0.11292998,0.916602695,0.920292961,0.916784925,0.262500929,0
1,1,0.789366545,0.446428958,0.427304415,0.304630458,0.274706905,0.196927339,0.150356764,0.191987019,0.212025993,0.232795963,0.639823821,0.618501519,0.636333956,0.133109339,0.115589502,0.113006748,0.901250614,0.909765215,0.897596359,0.271177887,0
1,2,0.600933686,0.390589331,0.374245103,0.355125619,0.16596311,0.184206226,0.255688756,0.225206213,0.174902008,0.086808904,0.877454116,0.9778799,0.95593596,0.093684554,0.073237974,0.067397557,0.856782916,0.907294173,0.883386787,0.154091261,0
1,3,0.621001464,0.470932332,0.438979775,0.438979775,0.2854979,0.190818581,0.156532499,0.23430905,0.151397416,0.127926551,0.734838654,0.737741657,0.628446668,0.067080334,0.063212932,0.069423549,0.871036095,0.910205109,0.902098901,0.264810583,0
1,4,0.415914649,0.389165003,0.383394736,0.383394736,0.24921615,0.122243071,0.317019354,0.267710798,0.290061825,0.172963296,0.785469316,0.721034699,0.748357215,0.093177178,0.073529168,0.076397271,0.884942857,0.922465274,0.922465274,0.172410139,0
2,5,0.571986414,0.399796176,0.368075787,0.368075787,0.217646605,0.084201597,0.09479739,0.188619951,0.110657525,0.135081957,0.883999549,0.892379878,0.833189056,0.081643018,0.082220426,0.088305029,0.902523564,0.920710203,0.915461509,0.163890347,0
2,6,0.783660835,0.599706653,0.528569247,0.47787575,0.234387099,0.138907542,0.193802474,0.163991351,0.120414009,0.209055911,0.649412909,0.719555768,0.687792465,0.019747835,0.013776545,0.020314911,0.879845114,0.916635195,0.833630303,0.087113861,0
2,7,0.64863667,0.508581108,0.404098191,0.352596627,0.236733796,0.261093135,0.246077108,0.230678684,0.181914122,0.148601153,0.658722549,0.68883307,0.714935354,0.030628109,0.029674646,0.034080772,0.91069658,0.924639563,0.919214899,0.255160688,0
2,8,0.432590917,0.43544893,0.385400274,0.344536512,0.282662812,0.253838919,0.50022541,0.336618629,0.305299352,0.386184342,0.643857043,0.778303779,0.80779642,0.06588704,0.041130683,0.042410319,0.86621931,0.916718647,0.909513443,0.185087559,0
3,9,0.556406377,0.479181353,0.481676082,0.481676082,0.179301018,0.063129525,0.316276334,0.188726427,0.08719922,0.165514602,0.701310953,0.735350411,0.763215399,0.037488274,0.024229414,0.030698481,0.839059591,0.863730011,0.828968035,0.174620582,0
3,10,0.449352662,0.603839125,0.610593198,0.359461742,0.253796571,0.184978997,0.109426116,0.235794944,0.222205368,0.306576587,0.716055395,0.662542987,0.687649048,0.060550232,0.052726421,0.056880498,0.794860659,0.80978912,0.789280616,0.008642728,0
3,11,0.551301755,0.428100906,0.539983204,0.463348017,0.21184443,0.121775683,0.194937957,0.386888667,0.333015564,0.270789474,0.615399597,0.624281616,0.600829269,0.046921294,0.027893118,0.028681988,0.746790992,0.751508156,0.750934915,0.12848136,0
3,12,0.619362911,0.413999512,0.38071857,0.305753507,0.318429989,0.273622878,0.068468435,0.410242946,0.42207735,0.498062889,0.824462815,1,0.881397135,0.095127044,0.07522388,0.075742082,0.739084059,0.77219861,0.752338438,0.058815456,0
4,13,0.646637766,0.441285511,0.457633693,0.457633693,0.157985338,0.134526192,0.216154012,0.47324963,0.382392254,0.4010219,0.606271865,0.716670826,0.743827979,0.108635228,0.086889722,0.078906876,0.662988961,0.727625182,0.641520965,0.156562209,0
4,14,0.751334848,1,0.70958998,0.70958998,0.268865592,0.1924443,0.522700253,0.541274291,0.427821746,0.503566278,0.1304635,0,0,0.11178626,0.078316066,0.084426554,0.506197464,0.502090397,0.502090397,0.147449099,0
4,15,0.68360442,0.684331572,0.527881216,0.522783114,0.334893377,0.379853698,0.477863002,0.547894687,0.534452749,0.590968327,0.282558279,0.253639927,0.263251227,0.159266075,0.310880464,0.311939996,0.614206127,0.613215771,0.611921074,0.208232667,0
4,16,0.615873993,0.368663144,0.346172452,0.335976247,0.400921161,0.567263096,0.43302575,0.554515083,0.641083751,0.678370375,0.434653094,0.507279821,0.526502419,0.206745889,0.543444861,0.539453438,0.668210458,0.668778458,0.666836412,0.23620052,0
4,17,0.486471766,0.5,0.35479499,0.35479499,0.634432796,0.430504151,0.300814475,0.656678241,0.557843902,0.628133322,0.157946216,0.026226879,0.027220707,0.394627939,0.341158436,0.345526359,0.72221479,0.724341145,0.72175175,0.13209831,0
5,18,0.354040225,0.25,0.177397495,0.177397495,0.817216398,0.549534076,0.189871586,0.714380216,0.62285498,0.690416843,0.171687574,0.039340318,0.04083106,0.536048778,0.472579621,0.47607626,0.836952185,0.83902099,0.836130794,0.277594429,0
5,19,0.221608683,0,0,0,1,0.668564001,0.078928697,0.772082191,0.687866058,0.752700365,0.185428932,0.052453758,0.054441413,0.677469617,0.604000806,0.606626162,0.88759215,0.892806441,0.888771949,0.293495439,0
5,20,0.585110219,0.296040777,0.234711212,0.214318801,0.643856985,1,0.649897487,0.635780536,0.899775248,0.95571885,0.263034287,0.297888815,0.309176859,0.304856549,1,1,0.938232115,0.946591893,0.941413104,0.365616094,0
5,21,0.54761873,0.291898076,0.312833862,0.247665698,0.21430534,0.151649891,0.023044053,0.616789445,0.55628663,0.626641385,0.338913442,0.318294145,0.330355419,0.270860912,0.284660954,0.202631674,0.95168958,0.953700836,0.950509838,0.355398858,0
6,22,0.513894422,0.24786308,0.295322034,0.10860175,0.308804147,0.165458739,0.006223189,0.664998418,0.574846511,0.644422581,0.258775652,0.21219938,0.123654829,0.348034585,0.332477359,0.299834941,0.937911593,0.938259502,0.936078213,0.432690283,0
6,23,0.359520843,0.177408013,0.206975333,0.087909774,0.31286001,0.185828233,0.083647454,0.661650369,0.588061207,0.657082852,0.291059739,0.375841675,0.330113776,0.325857682,0.312977355,0.270263602,0.934326187,0.940666277,0.931021558,0.359740538,0
6,24,0.388722858,0.414403289,0.492299182,0.271686342,0.334856545,0.191305321,0.132524287,0.664497362,0.633985482,0.701080362,0.217155271,0.148887073,0.150349262,0.320889163,0.341973754,0.268625343,0.882189827,0.906774055,0.895670264,0.399451397,0
6,25,0.177557137,0.439865183,0.536226281,0.400977055,0.275584547,0.174672031,0.156693465,0.696542341,0.644147359,0.710815895,0.316428114,0.233043691,0.205987431,0.45522532,0.456629989,0.46023237,0.841282244,0.847489848,0.843411991,0.352186291,0
7,26,0.34870588,0.425849476,0.415381848,0.257926605,0.268397173,0.192349358,0.29548793,0.717644466,0.65214361,0.710694327,0.07758746,0.222966605,0.231415586,0.521270563,0.477903421,0.470510485,0.825477704,0.86519065,0.86519065,0.573416187,0
7,27,0.083753603,0.454836237,0.444612735,0.444612735,0.354943893,0.123170705,0.130943646,0.709983249,0.632440069,0.695176026,0.363518462,0.350064653,0.363329822,0.472202261,0.479166698,0.482619667,0.909485111,0.917667812,0.917667812,0.365903247,0
7,28,0.27990883,0.659478218,0.815438258,0.815438258,0.254965745,0.267480781,0.658517753,0.762419359,0.703117741,0.767312159,0.192005221,0.338214933,0.351031074,0.480140659,0.505199682,0.460981423,0.848080723,0.873053198,0.801051717,0.574478171,0
7,29,0.197014697,0.408370978,0.429794899,0.429794899,0.22598418,0.166173161,0.625401748,0.752920498,0.681477149,0.746579504,0.289552941,0.233020677,0.241850642,0.59125813,0.55379839,0.539580024,0.832083666,0.833070538,0.829073069,0.538911106,4
7,30,0.635878516,0.558746564,0.577651085,0.577651085,0.282743735,0.330755799,0.335297846,0.791444271,0.773076544,0.834335823,0.277891419,0.164837172,0.166198042,0.561033878,0.524245585,0.527399695,0.844390744,0.860957545,0.860039711,0.490288276,4
8,31,0.695204815,0.454931863,0.43484716,0.43484716,0.475392675,0.316202749,0.067583126,0.818183164,0.75115998,0.807834864,0.339309818,0.247230474,0.256598897,0.433251753,0.431316017,0.336397111,0.78183895,0.845161664,0.757706272,0.420886435,4
8,32,0.359775486,0.310417212,0.428373693,0.286612793,0.330064886,0.255501917,0.215268703,0.896072748,0.894085653,0.890774899,0.298215356,0.357246385,0.335659592,0.770465936,0.802521296,0.726482006,0.68111684,0.709736644,0.687408916,0.612593254,4
8,33,0.141931546,0.3705741,0.380140582,0.165052966,0.26930828,0.132400987,0.125966328,0.89513033,0.838122449,0.896652711,0.302859039,0.296014344,0.271792855,0.790514286,0.749645171,0.751304948,0.64220637,0.701384321,0.701384321,0.633146664,3
8,34,0.40345418,0.453815669,0.718385827,0.718385827,0.162247314,0.106551371,0.865534991,0.86406675,0.819612973,0.878919804,0.153989892,0.120018419,0.08072339,0.810012257,0.750478237,0.752132492,0.42173705,0.501945575,0.433738096,0.857850036,3
9,35,0.39021342,0.385182545,0.46412226,0.275166354,0.288300585,0.210143312,0.133558053,0.846777387,0.774994456,0.832456903,0.346467033,0.285743766,0.296571592,0.772401271,0.719569022,0.688148417,0.288864541,0.344436759,0.235130272,0.663658889,0
9,36,0.105613395,0.510418658,0.503974542,0.485736096,0.148659376,0.096843832,0.611723653,0.778252631,0.771436899,0.789722899,0.386235666,0.337925705,0.350730887,0.723473268,0.661923485,0.663125594,0.217112722,0.244048341,0.244048341,0.696081525,0
9,37,0.313251123,0.500619706,0.510702244,0.357078855,0.025834565,0.011458804,0.082810435,0.761100701,0.71756878,0.781156902,0.523469318,0.570844646,0.592475937,0.705768982,0.641521523,0.640856672,0.208074782,0.219751651,0.197646639,0.594763464,0
9,38,0.103189193,0.44332067,0.504263537,0.290895442,0,0,0.366141392,0.740744876,0.661601992,0.727538214,0.450253287,0.412187124,0.427806329,0.707115958,0.649451671,0.647036816,0.314245563,0.50439934,0.378673501,0.651603486,0
10,39,0.207875415,0.533945929,0.578245619,0.368890629,0.160961097,0.129613913,0.330361406,0.763076897,0.70915678,0.773097829,0.499156463,0.626336249,0.644405273,0.686953722,0.633069969,0.629270496,0.415338169,0.459991297,0.459991297,0.555733041,0
10,40,0.568320774,0.427600264,0.430223255,0.315897199,0.139403978,0.062608767,0.177779907,0.721267507,0.660586079,0.726564924,0.630846828,0.673373516,0.66691509,0.582979936,0.561099864,0.564009641,0.346867829,0.355366208,0.345801702,0.288580256,0
10,41,0.757304475,0.39118554,0.478557514,0.331502417,0.189552696,0.107253835,0.241586515,0.652484961,0.616482168,0.680966722,0.548859723,0.53070645,0.531378168,0.543636813,0.539989798,0.532144856,0.352465686,0.375041903,0.365986277,0.42300795,0
10,42,0.316695836,0.385510537,0.485782438,0.276565106,0.09392314,0.131852624,0.204371079,0.655221036,0.57042374,0.638017518,0.637735889,0.571083767,0.550104535,0.541453541,0.498592699,0.472217934,0.279735195,0.293601456,0.283209498,0.298047975,0
10,43,0.70892021,0.421258511,0.634106874,0.38680287,0.294216871,0.304639401,0.25129331,0.618171594,0.571476534,0.610003892,0.623456729,0.660943882,0.685989347,0.478352386,0.483004473,0.486431998,0.493802335,0.549606854,0.506227867,0.402532735,0
11,44,0.827257487,0.315223152,0.30413514,0.15348253,0.244948077,0.114703569,0.004146738,0.500210625,0.492210316,0.518877742,0.876747297,0.806538435,0.837100985,0.362381902,0.327213299,0.32440436,0.425635602,0.467922415,0.389445946,0.156825669,0
11,45,0.172479776,0.559201019,0.757826937,0.757826937,0.206162188,0.112907043,0.577118489,0.573291657,0.515151631,0.587232215,0.767091155,0.81355055,0.844378813,0.400919569,0.361859088,0.362379348,0.329713798,0.360679894,0.308057127,0.482981803,0
11,46,0.232377317,0.484283348,0.650311676,0.600112499,0.217409266,0.06613528,0.40718752,0.570426593,0.515713891,0.572827285,0.625686469,0.599008139,0.621706643,0.396735517,0.362766083,0.353261946,0.288010556,0.315024196,0.25616523,0.416114026,0
11,47,0.335394476,0.492768921,0.58991653,0.298359822,0.213293465,0.160261166,0.313811603,0.458482468,0.438280673,0.501956958,0.733965147,0.735220056,0.763080105,0.355710122,0.324508711,0.325766585,0.245546435,0.256368911,0.228265206,0.48333949,0
12,48,0.88444348,0.463132197,0.601069503,0.601069503,0.244978208,0.102083037,0.223382696,0.356438912,0.369943642,0.376758894,0.747876251,0.809205014,0.790852863,0.279442033,0.247024963,0.252016962,0.487417789,0.932753002,0.930310173,0.426614135,0
12,49,0.652901041,0.464445457,0.564094372,0.326955365,0.14843846,0.109689645,0.069446383,0.377768663,0.36861756,0.330920096,0.849254504,0.852891564,0.885210596,0.242199669,0.216561749,0.191689911,0.940472903,0.939951618,0.936563112,0.22731272,0
12,50,0.495161336,0.483278119,0.465639025,0.221811642,0.266154246,0.184420636,0.198519317,0.331135775,0.291175585,0.337337211,0.676091927,0.664845827,0.652422314,0.251552799,0.218203694,0.213852989,0.943764605,0.947160422,0.947160422,0.388732036,0
12,51,0.722286418,0.339445548,0.339858154,0.229752194,0.200137427,0.203933719,0.050339826,0.340869735,0.327491955,0.335374563,0.887659989,0.963490008,1,0.20944173,0.176388233,0.176450702,0.941507089,0.950452575,0.902440695,0.29144838,0
12,52,0.985857662,0.421410991,0.384061738,0.296078673,0.290739586,0.163466477,0.042134302,0.228946737,0.179531454,0.205287397,0.880836777,0.885724837,0.826518038,0.211765443,0.187541521,0.167223681,0.936662674,0.94883513,0.945041893,0.262798529,0
1,1,0.932967671,0.417965928,0.386903043,0.260302066,0.169981311,0.121820259,0.090744206,0.306793791,0.287116674,0.368764522,0.780306386,0.857132478,0.889612212,0.1725522,0.152752307,0.133394032,0.880880499,0.915283466,0.903794826,0.256745447,0
1,2,0.961853036,0.456768748,0.392848769,0.215832145,0.298832286,0.216370711,0.054071078,0.168930828,0.065066426,0.143379309,0.740844791,0.684893089,0.710846073,0.148236922,0.123498629,0.129309571,0.831603752,0.841212522,0.841212522,0.275808232,0
1,3,0.81235695,0.577914481,0.757583054,0.621797426,0.196603333,0.164610747,0.213530279,0.133952707,0.165127658,0.188648228,0.652058311,0.714471911,0.694273052,0.112841722,0.097947628,0.103927965,0.830922717,0.840027016,0.822017343,0.396334266,0
1,4,0.90202838,0.621072933,0.63875712,0.455923991,0.288277333,0.20626176,0.134335397,0.057368778,0.065649123,0.038818749,0.888924,0.819238527,0.850282328,0.085300171,0.062712421,0.062428193,0.857065065,0.864538203,0.842426573,0.127544283,0
2,5,0.752361522,0.525128796,0.509898921,0.35906365,0.121333099,0.068948469,0.495956005,0.179364303,0.103701854,0.193044918,0.830893127,0.708879669,0.733798874,0.079270086,0.056650438,0.062904563,0.862852867,0.874297277,0.870873092,0.123272815,0
2,6,0.778308826,0.441174375,0.453169384,0.453169384,0.302447286,0.264888659,0.222399462,0.22364169,0.207596652,0.292580783,0.746775732,0.772982525,0.802273525,0.064732561,0.041231956,0.036008796,0.883411708,0.883356035,0.880855289,0.222792808,0
2,7,0.801116662,0.560136642,0.586684646,0.162703958,0.260321048,0.206488777,0.483019687,0.258288582,0.364928866,0.443312084,0.593981291,0.644719146,0.591249274,0.046360469,0.036949067,0.040290052,0.8696013,0.88008266,0.87287506,0.222769164,0
2,8,0.734060118,0.431755937,0.351125577,0.304799827,0.266213892,0.16930907,0.084162542,0.2570003,0.20841569,0.251905858,0.923034712,0.938012261,0.973556813,0.032743229,0.009537051,0.016103524,0.841583113,0.852089636,0.849144753,0.030412721,0
3,9,0.909569591,0.562499264,0.515430268,0.367627138,0.198824917,0.106058067,0.374865707,0.264050794,0.271070066,0.353391154,0.837893487,0.838097643,0.869856082,0.057246675,0.052214138,0.052070377,0.829363692,0.83330858,0.827639498,0.071067841,0
3,10,0.349965212,0.391857392,0.375216707,0.239805059,0.287162142,0.266050856,0.239960766,0.376591331,0.341072368,0.420456492,0.705459817,0.718328858,0.74554884,0.091391235,0.066301993,0.072231822,0.778603847,0.797926134,0.763085423,0.213555647,0
3,11,0.670256943,0.383903919,0.36950176,0.333050558,0.266629797,0.280162596,0.116533206,0.291405676,0.295110072,0.34468737,0.756197714,0.676192766,0.701816065,0.07318865,0.04486732,0.046840086,0.734416242,0.758951559,0.758951559,0.086313583,0
3,12,0.211958513,0.522251524,0.497597138,0.415051066,0.241424864,0.10951097,0.216786955,0.384715737,0.327381691,0.40734021,0.62507507,0.641115248,0.59334831,0.077393674,0.061334448,0.046647488,0.66645817,0.68000436,0.642329991,0.322522013,0
3,13,0.614411087,0.376800088,0.501396151,0.225222256,0.232850267,0.126281851,0.27413572,0.400111992,0.375321277,0.453268479,0.690353261,0.673743257,0.699273735,0.101678719,0.083604002,0.081507915,0.604629944,0.664814182,0.664814182,0.275062797,0
4,14,0.388149003,0.406175083,0.398173812,0.398173812,0.260759599,0.129763331,0.398202353,0.476858758,0.384572695,0.462131751,0.506169298,0.500707151,0.519680688,0.132737667,0.111296656,0.097898577,0.467596802,0.51198675,0.51198675,0.314564978,0
4,15,0.399951257,0.378087786,0.516205911,0.462626564,0.294453004,0.229487042,0.274396892,0.484908676,0.434322471,0.452231463,0.474551339,0.547093308,0.567824579,0.142196763,0.135314016,0.141046625,0.390764572,0.410967022,0.401472602,0.368964158,0
4,16,0.582884564,0.471754516,0.789669234,0.138552247,0.223127517,0.20165388,0.419459182,0.521051203,0.471506086,0.469362369,0.487046269,0.596734314,0.582360445,0.169353626,0.143742308,0.14941904,0.298767136,0.336716696,0.268759683,0.421725329,0
4,17,0.304548819,0.504735373,0.670810821,0.342080062,0.251988015,0.228377052,0.309594315,0.518766794,0.454360246,0.506454811,0.401630774,0.446009413,0.462910263,0.187373616,0.167732264,0.14825196,0.485671044,0.979428117,0.633175659,0.445671211,0
5,18,0.745141061,0.655032808,0.808314202,0.808314202,0.273147616,0.131412793,0.820691041,0.587432346,0.554445296,0.624877304,0.37306196,0.375735163,0.379591161,0.223969141,0.188342756,0.181818016,0.969351181,0.981123602,0.972418847,0.492153756,0
5,19,0.45074793,0.342482322,0.357990646,0.285379425,0.323967951,0.253779614,0.3013368,0.580334256,0.528507334,0.599765973,0.366856019,0.428576303,0.444816552,0.235522475,0.217825709,0.223011291,0.976171824,0.980961514,0.977221711,0.402278415,0
5,20,0.469892644,0.396286373,0.488897107,0.255359284,0.200913653,0.182082183,0.243920961,0.596327079,0.531581502,0.602972767,0.563552495,0.634481993,0.658524726,0.271841617,0.240880644,0.244621173,0.957739652,0.961916199,0.952963439,0.341473911,4
5,21,0.396394056,0.39738296,0.444670938,0.117773775,0.279013826,0.186323529,0.084227994,0.653963713,0.579865387,0.631631667,0.460758206,0.480758243,0.452092521,0.331581103,0.315281585,0.279162607,0.954526134,0.954577794,0.951186815,0.380348646,0
6,22,0.39640005,0.370731502,0.586194256,0.586194256,0.242728309,0.159727555,0.247751482,0.678134355,0.602736605,0.661475915,0.259471768,0.235277424,0.242890317,0.336886826,0.322733254,0.301099926,0.921713583,0.94657767,0.930032511,0.513053168,0
6,23,0.335449478,0.40144372,0.552149855,0.347426453,0.349009821,0.214581511,0.385827437,0.683145132,0.619997063,0.68767883,0.362851222,0.296636371,0.235540798,0.396334227,0.410913816,0.402798209,0.845307462,0.971254149,0.971254149,0.568434984,4
6,24,0.450675617,0.280288063,0.304229748,0.246833254,0.214979456,0.104713768,0.162665049,0.732132807,0.684429656,0.749408137,0.188891132,0.303521547,0.315023035,0.446155092,0.463036255,0.438562026,0.958435499,0.963981052,0.95546864,0.574527822,4
6,25,0.440909361,0.402840109,0.337051565,0.262699251,0.333820522,0.227677954,0.113044244,0.739859926,0.682190062,0.711977316,0.265803255,0.280633745,0.291267935,0.425597839,0.476118275,0.479591454,0.933355697,0.963014538,0.946855396,0.544261512,4
6,26,0.588385968,0.359049065,0.356493389,0.341185999,0.236494122,0.134838209,0.111168564,0.722672988,0.681778813,0.693761535,0.273982701,0.25988235,0.258381399,0.345198404,0.414275401,0.418158579,0.905500692,0.920696729,0.916871606,0.406728708,4
7,27,0.541477535,0.407955977,0.536660276,0.342831447,0.35204853,0.292430947,0.458710015,0.71190743,0.6595716,0.700591462,0.39042345,0.370648819,0.384693994,0.299074434,0.289506405,0.236534777,0.901941116,0.918383454,0.899526018,0.389711219,4
7,28,0.4956481,0.235884783,0.316157294,0.184058103,0.228263755,0.28180705,0.038818643,0.78805241,0.75476874,0.749393993,0.141169751,0.217891137,0.226147791,0.398952984,0.419518143,0.294328158,0.880800481,0.89656699,0.89656699,0.501797992,4
7,29,0.196967905,0.443876174,0.464168943,0.370345704,0.285663571,0.258235916,0.194207701,0.817895002,0.758335667,0.812775977,0.300987243,0.310561748,0.31301572,0.639394269,0.637594788,0.639997426,0.631805401,0.751341251,0.566405525,0.522406614,0
7,30,0.536734628,0.404983357,0.370779691,0.318956509,0.275705989,0.151069828,0.181886651,0.852410271,0.805598179,0.835841435,0.322491447,0.261655615,0.234977216,0.599640719,0.666209621,0.650331205,0.549059443,0.575787655,0.516035026,0.397919348,0
8,31,0.448464947,0.265412192,0.323844536,0.066438727,0.357863584,0.231617747,0.00473972,0.896973879,0.889066934,0.915392712,0.337938504,0.231247479,0.238417009,0.614234649,0.695193742,0.512870008,0.349449912,0.476774037,0.385806281,0.440671531,4
8,32,0.322896325,0.272805345,0.42559935,0.42559935,0.257265064,0.21772654,0.118834448,0.977612675,0.98030647,0.966158678,0.293638425,0.209421812,0.157217767,0.917600216,0.940418782,0.864175169,0.069092305,0.13950188,0.13950188,0.472504379,0
8,33,0.36241109,0.368959242,0.349392623,0.349392623,0.283204529,0.233636779,0.133864953,0.999635089,0.976471531,0.984739076,0.128551882,0.099157627,0.067666741,0.954790657,0.936954447,0.932975232,0.270665832,0.327161824,0.321737284,0.653377042,3
8,34,0,0.570713423,0.467358993,0.437366461,0.239797618,0.207237487,0.276993196,0.973981435,0.929589796,0.983916336,0.208176298,0.096043412,0.048953899,1,0.914064176,0.909323156,0.472239359,0.514821767,0.503972689,0.706480706,0
9,35,0.506580101,0.663534492,0.786351663,0.458400177,0.216856903,0.207759151,0.274246356,0.834430407,0.823926953,0.883052791,0.022505934,0.142583833,0.147986831,0.842735121,0.851923589,0.852905291,0.609689437,0.676982472,0.631498594,1,0
9,36,0.237383984,0.357346727,0.41114417,0.149566912,0.200399782,0.073986298,0.250549566,0.854832165,0.818526625,0.869023038,0.271348592,0.193873785,0.157436557,0.754716743,0.744338229,0.74603319,0.742537926,0.783562063,0.749971046,0.79272949,0
9,37,0.038541595,0.405060979,0.364768835,0.362483044,0.192645151,0.097962613,0.284483743,0.831680297,0.77845497,0.835309387,0.506868021,0.454485868,0.469602103,0.814689447,0.755997443,0.753759214,0.875386414,0.890141654,0.868443498,0.790817877,4
9,38,0.045803115,0.598353224,0.678414195,0.276755276,0.271426758,0.194779343,0.83377353,0.77285599,0.767139815,0.744793493,0.459358224,0.503187732,0.456328488,0.731192579,0.704180962,0.706142154,0.869928963,0.877190906,0.877190906,0.816292757,0
9,39,0.156838926,0.386757478,0.441684941,0.192034339,0.193131096,0.209546804,0.418086211,0.789338063,0.763153385,0.796709381,0.541949952,0.429773767,0.433625659,0.709805916,0.648443024,0.648438606,0.828776006,0.879080155,0.879080155,0.68960598,4
10,40,0.195333851,0.494964305,1,1,0.287157503,0.116667306,0.774479393,0.775123149,0.768509185,0.829960089,0.473237916,0.445537471,0.462420437,0.686445536,0.621325065,0.623835567,0.838229695,0.847211201,0.83314516,0.622453318,0
10,41,0.371932369,0.468179489,0.830867419,0.82144047,0.294893064,0.144067984,0.614109391,0.682719036,0.676968304,0.742259828,0.564280475,0.516314436,0.527645587,0.621113063,0.564891405,0.561786652,0.865506699,0.871798037,0.86092796,0.532679626,0
10,42,0.548530887,0.441394673,0.661734838,0.642880941,0.302628624,0.171468661,0.45373939,0.590314923,0.585427423,0.654559568,0.655323001,0.5870914,0.592870772,0.555780589,0.508457745,0.499737737,0.892783703,0.896384874,0.88871076,0.499003694,0
10,43,0.725129406,0.414609857,0.492602257,0.464321411,0.310364184,0.198869339,0.293369388,0.49791081,0.493886541,0.566859307,0.74636556,0.657868365,0.658095922,0.490448114,0.452024084,0.437688822,0.920060707,0.92097171,0.916493561,0.659655739,3
11,44,0.901727924,0.387825041,0.323469676,0.285761881,0.318099745,0.226270016,0.132999386,0.405506697,0.40234566,0.479159047,0.837408085,0.72864533,0.723321072,0.425115641,0.395590424,0.375639907,0.947337711,0.945558546,0.944276361,0.369424958,0
11,45,0.4738521,0.481029367,0.422304817,0.384264739,0.190171811,0.112249855,0.31755239,0.508394887,0.484344988,0.406892369,0.709129605,0.713182062,0.571150589,0.43436595,0.420907192,0.392550135,0.947861027,0.952784272,0.948863716,0.435365904,0
11,46,0.771143231,0.297982384,0.302448328,0.125177826,0.332623813,0.236966974,0.312556075,0.545693625,0.531591696,0.551535398,0.688163203,0.642627738,0.632178182,0.387046584,0.347312912,0.346187261,0.852223254,0.903401609,0.903401609,0.519881862,3
11,47,0.639751977,0.421259585,0.388492511,0.23442977,0.212035871,0.196953383,0.225441705,0.481630929,0.494323428,0.552429966,0.633126224,0.615784204,0.518072613,0.363006637,0.328763319,0.333213417,0.961094257,0.971409739,0.97114948,0.476943722,3
12,48,0.848537267,0.414407591,0.371037268,0.234566211,0.228904433,0.152783587,0.286620149,0.346707302,0.352483641,0.431389002,0.845615851,0.869125254,0.902059436,0.31924832,0.284294975,0.284265734,0.945507547,0.959744777,0.956046327,0.375383738,0
12,49,0.949771429,0.402543328,0.320814949,0.241613236,0.239429651,0.208834624,0.107959166,0.366270428,0.328675264,0.34063779,0.734058481,0.785183782,0.81493713,0.297972988,0.27059566,0.275431392,0.848676531,0.884353567,0.884353567,0.339620507,3
12,50,0.860690545,0.380035698,0.448834473,0.261333305,0.299963128,0.271469165,0.341135195,0.317128078,0.299865444,0.380978415,0.682793659,0.73849006,0.76647402,0.252904937,0.231564954,0.236659448,0.822526854,0.826729977,0.819706596,0.414034819,0
12,51,0.668950808,0.470915197,0.666562608,0.410138167,0.25893795,0.263340542,0.251646841,0.380136534,0.41069274,0.487155924,0.80706411,0.825699446,0.856988073,0.242829349,0.214309654,0.198163364,0.814144474,0.821396643,0.814711403,0.255602644,0
12,52,0.850080415,0.471717914,0.536718276,0.220356161,0.189199703,0.097355734,0.294971046,0.258906868,0.242870956,0.311669354,0.787211049,0.80038916,0.830718693,0.21913586,0.200469251,0.19417708,0.859720909,0.870646638,0.870646638,0.365071239,0
1,1,0.764464143,0.386847584,0.384273197,0.300811709,0.280015231,0.230597133,0.239461774,0.301350123,0.248118272,0.239186529,0.868102465,0.863764107,0.896495138,0.175741033,0.151547425,0.155163738,0.875879,0.876405432,0.873938174,0.235498856,0
1,2,0.611006778,0.494488894,0.441324265,0.346443873,0.242738845,0.103636085,0.248186089,0.275140678,0.254529117,0.301549902,0.644352383,0.744051363,0.772246061,0.164930539,0.140007502,0.132567059,0.875869542,0.884542758,0.884542758,0.253480674,0
1,3,0.892684915,0.524384822,0.656285697,0.656285697,0.308666791,0.17627766,0.147707736,0.141526113,0.110121651,0.199195371,0.801268375,0.854694011,0.887081343,0.101322801,0.098182981,0.075919495,0.857749235,0.865236941,0.851656785,0.291491316,0
1,4,0.956833382,0.572633038,0.507035455,0.28561062,0.149397015,0.150980075,0.125659373,0.095692383,0.024535001,0.052950811,0.894850771,0.90503013,0.939324873,0.088533769,0.064952513,0.071151598,0.846113075,0.845907079,0.842928249,0.221124027,0
2,5,0.883834921,0.429697085,0.446969956,0.315576678,0.325879055,0.223733694,0.059078386,0.240522548,0.209688853,0.100215418,0.78371146,0.716655672,0.687525456,0.07522578,0.054100019,0.054242904,0.820996974,0.829610815,0.808643968,0.175070284,0
2,6,0.885708897,0.429733864,0.493421123,0.226742527,0.20635363,0.175492666,0.076870819,0.248665588,0.215185682,0.204310825,0.598981042,0.668081277,0.693397203,0.097592268,0.077542037,0.052158721,0.792328112,0.799660727,0.799660727,0.297060419,0
2,7,0.898936968,0.5273055,0.545011701,0.364176185,0.350437933,0.236124834,0.260274576,0.195017923,0.309486713,0.390196021,0.837338033,0.878110161,0.855423673,0.07632848,0.084887538,0.075582518,0.752314936,0.762673168,0.756754348,0.177318424,0
2,8,0.772750139,0.609772688,0.617715561,0.274137555,0.178674384,0.157957691,0.44841071,0.312155339,0.366522989,0.300324361,0.599086157,0.812168845,0.842944751,0.11187369,0.102191004,0.108143208,0.689575355,0.719850546,0.719850546,0.323555453,0
3,9,0.718761653,0.438091699,0.408635397,0.269018333,0.33514381,0.264721834,0.055538989,0.279136249,0.228889865,0.312980634,0.704671096,0.729765497,0.757418853,0.096784743,0.070908423,0.076781294,0.65129459,0.675046475,0.665271221,0.255072221,0
3,10,0.911169335,0.501864703,0.490492113,0.299366738,0.241565769,0.233606227,0.252990423,0.268225875,0.246159776,0.210598323,0.505363933,0.491489389,0.510113634,0.092655932,0.071888715,0.071916978,0.57349045,0.603491709,0.603491709,0.282532202,0
3,11,0.584465717,0.42022035,0.394617775,0.27390636,0.322414746,0.200555305,0.247107622,0.34799626,0.269826828,0.286603724,0.666932052,0.616422745,0.593312448,0.077355449,0.049504768,0.055806267,0.467280509,0.516587164,0.516587164,0.250015872,0
3,12,0.521149119,0.401157966,0.386874144,0.251769414,0.153705845,0.097425873,0.123422632,0.395344275,0.300177133,0.376899361,0.697596861,0.687551644,0.513220751,0.113960505,0.089051068,0.095090387,0.426791524,0.454113375,0.454113375,0.295536814,0
3,13,0.618580576,0.438536277,0.411698835,0.297148432,0.321658417,0.277948281,0.107245458,0.360794798,0.313108406,0.393665765,0.694922826,0.613118221,0.636351406,0.124646744,0.095067287,0.094438322,0.359282307,0.374646569,0.359760792,0.267812434,0
4,14,0.549471252,0.461856986,0.58320544,0.238988576,0.248214894,0.218834278,0.219888405,0.448224525,0.412631064,0.463640802,0.623866865,0.649248292,0.67385057,0.136449352,0.112750439,0.102206984,0.303852875,0.343692759,0.336722485,0.271054372,0
4,15,0.38999819,0.542419655,0.721862736,0.346574985,0.286590448,0.20997877,0.508258699,0.489771058,0.414051014,0.459816118,0.404922533,0.423038013,0.271303373,0.166716552,0.152840615,0.152990462,0.296726271,0.301221094,0.272188071,0.333286073,0
4,16,0.688017501,0.473484993,0.589411462,0.164823918,0.233503603,0.134297683,0.305892115,0.537539754,0.458046688,0.494762827,0.307466932,0.367417547,0.372478157,0.179406882,0.149430772,0.148128374,0.324769367,0.632468273,0.632468273,0.358445087,0
4,17,0.562137558,0.36094889,0.315389496,0.178770015,0.315508942,0.193833671,0.060790563,0.525010115,0.474876027,0.457224072,0.516003606,0.531786458,0.476029586,0.198659657,0.176186907,0.181648541,0.999167347,0.99921498,0.993810287,0.214218657,0
5,18,0.388384123,0.486480052,0.511748483,0.511748483,0.286597107,0.191617037,0.231345931,0.572508596,0.51726078,0.538086893,0.497094627,0.625123996,0.648812121,0.209847087,0.198829353,0.192476914,1,1,1,0.24046724,0
5,19,0.66085462,0.425386199,0.440727938,0.145478915,0.267460196,0.139242449,0.085385031,0.607204656,0.559529852,0.584704586,0.422036509,0.338523956,0.351351808,0.223091909,0.195869647,0.20120079,0.989837959,0.991122962,0.991122962,0.195443198,1
5,20,0.562860165,0.333291024,0.413765143,0.168439489,0.256145278,0.132417157,0.153328391,0.596432585,0.526787047,0.554310951,0.354399904,0.360082415,0.373727191,0.225893626,0.205694018,0.210960029,0.999920159,0.999592876,0.995170447,0.246405347,0
5,21,0.546686163,0.437496182,0.388405812,0.329367545,0.272254265,0.273963819,0.003400353,0.632124704,0.583723288,0.58953306,0.40024219,0.361253615,0.359072276,0.249168493,0.224322332,0.221174947,0.991991883,0.993175282,0.985351044,0.200707402,1
6,22,0.595317092,0.427360407,0.377797716,0.359440651,0.360852708,0.195934695,0.1126598,0.615809463,0.540436239,0.611456001,0.264711701,0.297086958,0.308344617,0.266826443,0.22926177,0.231805969,0.988231262,0.995705155,0.995705155,0.280043133,3
6,23,0.367346152,0.410466716,0.414743846,0.235181154,0.207228244,0.127975678,0.463019146,0.641443223,0.582388833,0.564257524,0.330136253,0.397077248,0.412123888,0.31878725,0.318143971,0.322664472,0.986560634,0.992625062,0.992625062,0.393756502,3
6,24,0.360211093,0.49071837,0.522296767,0.317891258,0.273974462,0.198945086,0.123985335,0.66864274,0.636675769,0.670831841,0.34460236,0.377027632,0.383439177,0.332050123,0.338474002,0.342859721,0.969312554,0.981492081,0.980199126,0.364636628,0
6,25,0.395247142,0.370096598,0.533557265,0.160707381,0.211078034,0.201797348,0.134995355,0.697742774,0.621254477,0.671813819,0.302318492,0.2516673,0.261203851,0.402829943,0.399247256,0.374478791,0.868628855,0.948681177,0.948681177,0.451377928,3
6,26,0.262226307,0.255386559,0.318238051,0.168788707,0.374002438,0.266432651,0.038389778,0.741700066,0.678776662,0.705045016,0.272268454,0.276298323,0.286768229,0.407662098,0.418649174,0.318806474,0.729003199,0.759685087,0.714669392,0.527307095,4
7,27,0.580063093,0.430255276,0.590426465,0.270787339,0.235540837,0.139273826,0.070336753,0.756628224,0.697957427,0.717339959,0.309558686,0.242966978,0.235829696,0.367280952,0.367677849,0.339563307,0.661866597,0.71357121,0.699232668,0.480172504,3
7,28,0.697414438,0.451952066,0.426379634,0.281304609,0.290959748,0.197765146,0.34764649,0.763343794,0.697377547,0.755113181,0.271086449,0.205955033,0.174641478,0.350404305,0.346420839,0.278898383,0.599660208,0.624799209,0.585323109,0.485691293,3
7,29,0.675235948,0.366096893,0.382930734,0.318289506,0.279340501,0.198485302,0.072251117,0.809807158,0.805630443,0.73407495,0.324649363,0.274459931,0.242221075,0.396516417,0.416645459,0.368089217,0.488179173,0.523312175,0.523312175,0.429074109,4
7,30,0.344607452,0.423346047,0.547786044,0.277776363,0.405196504,0.282717654,0.268000905,0.833112895,0.805008997,0.81634422,0.226656724,0.192249212,0.136029674,0.513190518,0.656848102,0.659123096,0.389711906,0.42167417,0.386609083,0.523377575,3
8,31,0.110544946,0.444147234,0.547294754,0.38833615,0.166866936,0.17354747,0.102513084,0.907871391,0.877461233,0.854891701,0.283064287,0.206253081,0.150186262,0.825853454,0.85441711,0.855382281,0.271344703,0.327452266,0.302399256,0.568230323,0
8,32,0.270786774,0.460044327,0.502556156,0.200386268,0.239376512,0.275468198,0.29953399,1,1,0.970720626,0,0.047434763,0.049232231,0.968836219,0.921619853,0.837652773,0.206756727,0.249360951,0.249360951,0.76294421,3
8,33,0.092321181,0.48620025,0.461637215,0.461637215,0.138027395,0.070233459,0.22959213,0.906402673,0.879254279,0.92165778,0.233008156,0.216279133,0.224474702,0.944071788,0.881200702,0.881988306,0.131957932,0.151558228,0.139697699,0.698379807,3
8,34,0.426405134,0.44310628,0.471182405,0.471182405,0.278200092,0.174517552,0.251069167,0.921421612,0.905152881,0.960870864,0.375875267,0.303454231,0.147789035,0.778484673,0.851402116,0.852387276,0.027436697,0.059527555,0.059527555,0.557130916,0
8,35,0.402414509,0.418893644,0.453167342,0.230018265,0.140374981,0.144205268,0.177719279,0.849371876,0.797997421,0.830194972,0.37921265,0.36433258,0.37813841,0.608765755,0.78897068,0.6273172,0,0,0,0.450947891,4
9,36,0.203527247,0.440305807,0.482633085,0.482633085,0.162679444,0.13167097,0.226042341,0.820666824,0.781629454,0.837445445,0.377237546,0.364738301,0.364629485,0.843748009,0.778489833,0.76775846,0.117180556,0.117742678,0.117363063,0.605931263,4
9,37,0.482383559,0.309710076,0.423153876,0.423153876,0.178551323,0.094796225,0.391482868,0.83700799,0.786080459,0.829626431,0.43476481,0.482705635,0.500997032,0.718468198,0.703227579,0.705195092,0.234361112,0.235485355,0.234726126,0.522218772,3
9,38,0.394217835,0.658144872,0.852556761,0.852556761,0.310517619,0.11999843,0.718733652,0.813825752,0.776292298,0.803223593,0.366359324,0.452038049,0.469167345,0.741375244,0.704672841,0.706630772,0.351541667,0.353228033,0.352089189,0.626231537,0
9,39,0.364011553,0.345553029,0.401838801,0.332557556,0.5190202,0.391739414,0.312507785,0.782516336,0.727212923,0.788328856,0.408080788,0.377073692,0.308308651,0.664571155,0.657289704,0.646069905,0.468722223,0.470970711,0.469452252,0.535571789,0
10,40,0.408435094,0.467868343,0.531181503,0.249297754,0.699713399,0.47458714,0.589528907,0.728950746,0.700038469,0.747263267,0.619461139,0.627332693,0.484721514,0.681903078,0.624469293,0.623863968,0.485603429,0.502073237,0.50150379,0.469053202,0
10,41,0.433966939,0.317861481,0.29040388,0.29040388,0.794850944,0.392434552,0.156381686,0.749588462,0.711490133,0.771889293,0.644078321,0.603516659,0.596957333,0.620905521,0.569357752,0.572212781,0.598563683,0.612040283,0.610853969,0.484013887,0
10,42,0.106260485,0.638535725,0.667689685,0.411087805,0.624018936,0.556449647,0.452281278,0.657285682,0.585794679,0.629757792,0.749555263,0.703863095,0.697982986,0.587627392,0.565773429,0.540913087,0.711523938,0.722007329,0.720204147,0.469817382,0
10,43,0.235246887,0.520525745,0.577577493,0.01626563,0.656177688,0.413589245,1,0.616851313,0.583678541,0.598112642,0.576774953,0.67504584,0.700625677,0.535364434,0.496191508,0.337796568,0.824484192,0.831974375,0.829554326,0.627417423,0
11,44,0.657942279,0.410731005,0.438676028,0.255881286,0.164228809,0.150224077,0.215096409,0.590256311,0.579915664,0.538125163,0.652683992,0.657338624,0.682247474,0.503610452,0.463685601,0.452736638,0.937444446,0.941941422,0.938904504,0.583818112,0
11,45,0.749902045,0.388469428,0.365748677,0.296650194,0.371780307,0.250015203,0.008267447,0.55510275,0.578292941,0.588200018,0.75599659,0.773860652,0.729373785,0.421133657,0.421514901,0.425350084,0.943770161,0.944618919,0.943480026,0.341917008,3
11,46,0.888014124,0.413382835,0.454821987,0.200559664,0.215603409,0.217988256,0.049715988,0.456012593,0.503421817,0.506872978,0.645639675,0.648035209,0.67259152,0.367457303,0.359492381,0.332789711,0.906013078,0.935089513,0.929669305,0.285492892,0
11,47,0.929072672,0.392992072,0.353090736,0.343293837,0.280679922,0.165516406,0.032879027,0.312465339,0.279904594,0.350217121,0.725597468,0.713412329,0.740446007,0.301977677,0.291993309,0.296687181,0.750380068,0.794853946,0.794853946,0.173203811,0
11,48,0.791619115,0.406969576,0.354539634,0.321044516,0.178422709,0.168888467,0.060354442,0.419080917,0.42436899,0.482201744,0.79484345,0.759978184,0.788776404,0.274299186,0.261499082,0.24003633,0.831283943,0.955376381,0.953558158,0,0
12,49,0.969153707,0.397229834,0.37881424,0.312689365,0.356054234,0.194562451,0.113157312,0.232168695,0.187543452,0.096612775,0.7995657,0.799083526,0.823346079,0.226171514,0.207912432,0.213163735,0.950882318,0.954572136,0.953649915,0.100821393,0
12,50,0.955365653,0.492863651,0.562466943,0.21151254,0.221137521,0.147937071,0.142802167,0.130192706,0.170553884,0.257092154,0.770877246,0.829923613,0.861372309,0.182570999,0.172403056,0.170674124,0.858817229,0.907278614,0.907278614,0.18705937,0
12,51,0.963717385,0.431315917,0.345955604,0.279371369,0.273094592,0.215703012,0.054135689,0.160787847,0.093632506,0.079700736,0.93602446,0.863498756,0.820153677,0.158064638,0.144455678,0.12024806,0.809864198,0.815806186,0.806036571,0.115611881,0
12,52,0.895457378,0.47274937,0.414395845,0.310608608,0.221622433,0.126649354,0.237433612,0.221708519,0.275883414,0.266551772,0.764580577,0.759048128,0.765326791,0.158480708,0.149336394,0.139178793,0.79368408,0.796892941,0.796892941,0.083056707,0
1,1,0.870252151,0.413614752,0.374027703,0.279081368,0.328043917,0.264818891,0.246495954,0.220392054,0.156364707,0.08541916,0.844842142,0.752208017,0.70688868,0.142189899,0.117331397,0.115246741,0.765195951,0.787173492,0.743273115,0.224972883,0
1,2,0.86745566,0.517768116,0.591267468,0.416004746,0.217610011,0.093455774,0.215832082,0.157587841,0.158844304,0.137657005,0.580150908,0.650969859,0.675637374,0.137426808,0.124412134,0.123650183,0.79557869,0.837153053,0.837153053,0.276781028,0
1,3,0.816273868,0.366088145,0.348900322,0.248196259,0.240997729,0.170700155,0.164134937,0.219196088,0.236277551,0.31369964,0.815496629,0.899062277,0.933130878,0.108317268,0.093364717,0.084321134,0.846356296,0.892218973,0.884105176,0.146973064,0
1,4,0.834394385,0.49591947,0.529145926,0.271103118,0.24874568,0.203678154,0.048025853,0.123989222,0.138842012,0.223227444,0.712844531,0.673153992,0.698662141,0.076481762,0.085336085,0.091400033,0.88312089,0.89132787,0.89132787,0.188355707,0
2,5,0.887321087,0.419024711,0.392682925,0.20272712,0.299200265,0.289556506,0.35241106,0.044305549,0.005068415,0.09854967,0.80692449,0.736609819,0.7531971,0.050555639,0.051949292,0.031179355,0.898607827,0.901164675,0.897467994,0.21322207,0
2,6,0.957902286,0.492184487,0.481144011,0.460018544,0.283877557,0.200111719,0.228065438,0,0.012303819,0,0.817661633,0.702473929,0.676200543,0,0,0,0.88164888,0.904039525,0.89589937,0.125779674,0
2,7,0.774460516,0.556716333,0.574633594,0.574633594,0.220580495,0.205077787,0.166590133,0.195481373,0.197183932,0.250730617,0.688553707,0.632502701,0.656470431,0.034905453,0.037487694,0.043868862,0.892487552,0.905762324,0.89611057,0.106263233,0
2,8,0.676490395,0.341200426,0.305782407,0.296216703,0.295133269,0.164904256,0.165031462,0.239299123,0.172152056,0.119301377,0.710140994,0.661737018,0.613174033,0.023531158,0.004263006,0.006379964,0.885297034,0.902781346,0.841643929,0.044519891,0
3,9,0.543686464,0.510155098,0.541209579,0.541209579,0.235975021,0.287144516,0.487509159,0.327222747,0.265963679,0.267255564,0.650697664,0.73630033,0.686274769,0.060912381,0.057871505,0.056452843,0.818061402,0.890126766,0.735226202,0.144857838,0
3,10,0.380965611,0.574415281,0.63870358,0.22272551,0.273079748,0.253169103,0.531919459,0.301587121,0.346468116,0.42562586,0.64018531,0.814326707,0.845184382,0.065788572,0.039353473,0.044206986,0.84870039,0.896801508,0.872129552,0.084584869,0
3,11,0.639464255,0.452767811,0.415889149,0.310175117,0.155694211,0.069888022,0.306487687,0.397260188,0.395395372,0.47250036,0.731459711,0.659635264,0.645153365,0.094331677,0.075670619,0.052750137,0.879404095,0.894480678,0.894480678,0.027950529,0
3,12,0.284362573,0.659795798,0.880678317,0.464856023,0.256352139,0.182330134,0.448485415,0.270505288,0.246661431,0.33000659,0.651904514,0.800205682,0.65440299,0.070982684,0.05382233,0.042685273,0.884373699,0.906191901,0.906191901,0.065291168,0
3,13,0.726067351,0.444314879,0.393718772,0.302107449,0.239775598,0.165594489,0.117453905,0.467609168,0.403115184,0.469725204,0.660471058,0.620769806,0.644292935,0.111540443,0.0967552,0.092127808,0.894355395,0.905719891,0.889278807,0.152265912,0
4,14,0.419467416,0.499723622,0.521066775,0.35252633,0.326381505,0.260765499,0.147054659,0.481568318,0.443216739,0.51831537,0.656337795,0.695915817,0.722286491,0.135395326,0.111294828,0.117186677,0.872886644,0.877102129,0.857405786,0.115739462,0
4,15,0.761848745,0.625955078,0.603565134,0.603565134,0.183561699,0.136683033,0.184757805,0.449757163,0.489371048,0.530897602,0.470816676,0.432675853,0.30678211,0.119964989,0.100697015,0.098504761,0.846887887,0.90657357,0.90657357,0.193703584,0
4,16,0.403509911,0.474103687,0.543306636,0.399358688,0.326731622,0.256167748,0.52266396,0.48548318,0.394489651,0.414771259,0.550469621,0.64848427,0.673057598,0.139760018,0.117235204,0.105282878,0.970513297,0.970893465,0.968255517,0.114789808,0
4,17,0.371004339,0.522295562,0.594458587,0.346657082,0.22040788,0.140068932,0.232848123,0.504830566,0.468660224,0.522494545,0.530456891,0.507491949,0.422098786,0.159513597,0.137619015,0.143336343,0.957109552,0.967277862,0.94532423,0.202808078,0
5,18,0.591584161,0.507024706,0.575199778,0.392471768,0.348990408,0.252105918,0.101608198,0.559000467,0.500742449,0.573427574,0.420146331,0.411473838,0.364551392,0.196556659,0.17203302,0.17169999,0.948897168,0.950140297,0.945030816,0.255285446,0
5,19,0.407323522,0.605300175,0.650263343,0.18863593,0.18133597,0.10530948,0.365545821,0.515870052,0.446600245,0.449777517,0.503382991,0.62511239,0.648800075,0.16914202,0.161199522,0.166760518,0.919834766,0.934845085,0.917377692,0.26249093,0
5,20,0.682952153,0.498961514,0.539116222,0.539116222,0.3349755,0.303405278,0.239928573,0.619602173,0.580996633,0.650314674,0.373414692,0.475611348,0.493633918,0.200764182,0.173297491,0.162343218,0.937071505,0.944994901,0.944994901,0.337923622,0
5,21,0.223497377,0.624406388,0.668784741,0.668784741,0.283767701,0.179451452,0.434303427,0.562084097,0.516323204,0.523589864,0.438397521,0.495068682,0.513828558,0.255951917,0.325702402,0.330172793,0.945875321,0.948860019,0.942901472,0.386839467,0
5,22,0.465290445,0.219699751,0.224065834,0.144102026,0.504760436,0.216361918,0.026675519,0.654569493,0.585354313,0.646331328,0.336675396,0.248356576,0.216381255,0.323710622,0.42923275,0.249178528,0.960385493,0.960569918,0.960569918,0.471416458,0
6,23,0.604890659,0.285692845,0.337400574,0.115246469,0.229735911,0.194221125,0,0.669935755,0.590120116,0.650726334,0.436693594,0.339851609,0.35272977,0.303692749,0.284394798,0.25239577,0.966340113,0.96575345,0.96313981,0.327804163,0
6,24,0.086990637,0.582267311,0.692666987,0.317970505,0.287738745,0.183221721,0.34909843,0.675916452,0.650232685,0.646361408,0.203348656,0.171041892,0.146176968,0.461709299,0.436555565,0.43502829,0.946196438,0.955263802,0.943927682,0.542444464,4
6,25,0.332101088,0.42643579,0.620583651,0.068432795,0.316401711,0.213217576,0.167576915,0.710013654,0.69947138,0.724639573,0.269403858,0.314314339,0.326224803,0.457446712,0.451937348,0.454404346,0.939376615,0.945136087,0.945136087,0.471177384,3
6,26,0.619751329,0.353648045,0.468650575,0.468650575,0.263785991,0.21867787,0.43181666,0.736705769,0.690978922,0.660345831,0.215036135,0.227482387,0.084908592,0.361017282,0.340355402,0.257534577,0.943618609,0.947136511,0.929661423,0.400352986,3
7,27,0.4579253,0.284486754,0.516616202,0.516616202,0.34519561,0.208854809,0.127590955,0.782466409,0.764069796,0.789832819,0.164410268,0.259744899,0.269587538,0.439704731,0.546860985,0.549865161,0.841124339,0.90977178,0.902875434,0.579470433,3
7,28,0.386632453,0.373410177,0.409813829,0.29372642,0.230976381,0.104268636,0.282436624,0.762459761,0.816454171,0.875893531,0.446393112,0.409568262,0.421825479,0.607627552,0.569127239,0.542210494,0.778416898,0.789504817,0.77808193,0.554139667,0
7,29,0.553559682,0.137585295,0.179036754,0.039598524,0.410955157,0.321270547,0.156720891,0.82344608,0.786814895,0.819224123,0.381224205,0.261511499,0.244810694,0.464164327,0.500803321,0.45948507,0.829851483,0.841034164,0.836867829,0.405122524,3
7,30,0.510657954,0.186929265,0.243201245,0.219480867,0.284648892,0.152701191,0.197393153,0.908983266,0.871635515,0.928759727,0.281592688,0.181379886,0.188253001,0.566349425,0.541597412,0.489638415,0.75855404,0.809107515,0.796899245,0.496310348,3
8,31,0.064450777,0.564141696,0.578422458,0.41877486,0.326751874,0.152565472,0.083161922,0.982839014,0.948995861,0.997532403,0.145057203,0.079111559,0.082109371,0.873235955,0.862319136,0.851479176,0.878128436,0.906157717,0.901654972,0.629952067,0
8,32,0.308514184,0.451529653,0.439578175,0.258246721,0.351978966,0.191942871,0.089493744,0.97619355,0.945995583,1,0.227189279,0.145976,0.151507539,0.874688765,0.870494269,0.871092298,0.845445007,0.859564693,0.859564693,0.548363592,0
8,33,0.177099804,0.466508633,0.450306213,0.254286281,0.449638031,0.348125368,0.108763803,0.971391612,0.957078626,0.93917525,0.260072917,0.213492147,0.221582108,0.913704919,0.866552163,0.82800687,0.817995888,0.829473333,0.829473333,0.692059876,3
8,34,0.221282158,0.582062763,0.726606281,0.563108369,0.20234199,0.188322935,0.08655397,0.929536609,0.959783641,0.95564126,0.253504585,0.27759822,0.249667478,0.880477491,0.8069091,0.804788777,0.750847033,0.780701813,0.767537374,0.695888171,0
8,35,0.68665981,0.510009604,0.881018846,0.881018846,0.362110032,0.256491566,0.66746432,0.865032394,0.864312179,0.843554399,0.323521392,0.286221842,0.224056464,0.600025368,0.711359486,0.713273087,0.723810388,0.757471474,0.757471474,0.615977595,3
9,36,0.494881754,0.44237117,0.453139981,0.297242733,0.241439979,0.253107932,0.107667402,0.840304162,0.814564735,0.821591237,0.202544367,0.259606752,0.216178194,0.666328224,0.675803124,0.648670377,0.690770147,0.789672844,0.789672844,0.65111453,1
9,37,0.165422089,0.563322889,0.533151263,0.533151263,0.356569106,0.205326983,0.711900926,0.783808029,0.729068864,0.790612604,0.515968162,0.529650482,0.549720784,0.608464359,0.58085191,0.583630736,0.892473379,0.902738232,0.902738232,0.439983201,0
9,38,0.22136968,0.323924049,0.376094665,0.324089527,0.207662048,0.118606342,0.137289305,0.8081431,0.757100593,0.797702958,0.479755133,0.396360912,0.411380407,0.655519858,0.600468639,0.579754646,0.802335133,0.84270618,0.773426372,0.480393031,0
9,39,0.407351938,0.482477354,0.623688056,0.223121209,0.24492178,0.122357732,0.534533624,0.763125575,0.728524899,0.787878351,0.524813111,0.451259106,0.460028407,0.664938377,0.633420356,0.605468254,0.763793083,0.780479616,0.780479616,0.494338861,3
