avr_wind_dir,avr_high_wind_speed,high_wind_speed,avr_current_dir,avr_air_temp,avr_high_air_temp,avr_air_press,avr_high_air_press,high_air_press,avr_high_water_temp,avr_salinity,high_salinity,etc_jelly
0.843525121,0.471693904,0.257273291,0.179774608,0.256133533,0.190929121,0.683819677,0.744281664,0.772485088,0.104026753,0.975152861,0.973127117,0
0.939489397,0.388788755,0.253618976,0.15694572,0.116222324,0,1,0.880286327,0.891391754,0.071042264,0.972168595,0.969163594,0
1,0.451319822,0.302107449,0.19945922,0.157050718,0.102495506,0.834402029,0.804719209,0.701528234,0.107407134,0.965880471,0.964197813,0
0.873672169,0.505968602,0.413699842,0.128358658,0.352315227,0.353336719,0.704375317,0.683038116,0.603111784,0.067553363,0.92546609,0.941435255,0
0.599347408,0.548739725,0.169030411,0.214747812,0.257115091,0.314111238,0.629660584,0.744938643,0.773166962,0.082328288,0.928545545,0.914165567,0
0.025606447,0.762797635,0.762797635,0.215958691,0.166643902,0.089915937,0.765348936,0.806510348,0.837071834,0.117933522,0.945825088,0.936982046,0
0.313108934,0.689046347,0.384902741,0.214228232,0.221930138,0.151658322,0.892795816,0.790290752,0.73042912,0.070648821,0.900267955,0.926426756,0
0.605386681,0.372308842,0.372308842,0.149991561,0.328074613,0.305082788,0.912216257,0.847183259,0.879285983,0.092122169,0.809454931,0.733684682,0
0.295092504,0.402104131,0.24547025,0.16368641,0.301829089,0.244991719,0.726401096,0.744189544,0.772389477,0.090789427,0.823758059,0.815397366,0
0.846677915,0.452244603,0.313932039,0.137338117,0.259068102,0.293254087,0.741443611,0.789209715,0.707940883,0.053521797,0.826114141,0.866652509,0
0.643916008,0.698149661,0.474728342,0.169483472,0.373292047,0.375108426,0.615728005,0.585329377,0.583752105,0.056676096,0.853258685,0.868423695,0
0.743258665,0.46261949,0.265132319,0.125249162,0.438480656,0.391187998,0.661117276,0.746334241,0.774615445,0.082480543,0.862001262,0.872865125,0
0.461181139,0.335747568,0.270293934,0.168276913,0.485985514,0.408740478,0.485194174,0.486480741,0.50491519,0.101789898,0.895342185,0.905370522,0
0.648575862,0.553045736,0.553045736,0.161472863,0.429224121,0.416699557,0.537724293,0.477764567,0.495868731,0.114380272,0.866180949,0.883432415,0
0.392087278,0.3353754,0.312169176,0.183786313,0.522824239,0.52606863,0.592638297,0.552935847,0.547697706,0.133433718,0.833072542,0.827705947,0
0.287596284,0.603853512,0.38753883,0.215771202,0.511004871,0.472676755,0.605812699,0.59814457,0.62081035,0.179905368,0.787173104,0.795951564,0
0.430683265,0.730206958,0.730206958,0.205352313,0.555505662,0.476009926,0.550765782,0.651606112,0.580453801,0.176519561,0.796207337,0.813021136,0
0.813089815,0.469612039,0.394676984,0.133884678,0.554305293,0.504185808,0.524211789,0.488737521,0.432077401,0.167432865,0.786254078,0.786115484,0
0.470034315,0.426343887,0.213651096,0.230418871,0.609852951,0.60002471,0.352903808,0.596233257,0.474166789,0.224051021,0.781043666,0.805145483,0
0.415696632,0.325694098,0.325694098,0.24666531,0.627505954,0.547601322,0.342306944,0.311443258,0.323244927,0.24116609,0.742486363,0.75044449,0
0.671723531,0.422109872,0.405745457,0.197106967,0.649276489,0.603017365,0.312763991,0.519340874,0.539020508,0.265852921,0.646868469,0.704042151,0
0.366012425,0.594342989,0.317197673,0.260415944,0.670551332,0.610386175,0.28551965,0.286872156,0.268213259,0.360510573,0.959839929,0.974313603,0
0.05704039,0.430049858,0.327948252,0.343996085,0.681219461,0.606732035,0.236699731,0.223901503,0.23238591,0.43779282,0.905918848,0.957000745,0
0.547661332,0.480797218,0.184318197,0.219483517,0.72582117,0.668050154,0.182830718,0.088714315,0.059845741,0.430541911,0.852765093,0.839003153,0
0.323076151,0.483271088,0.483271088,0.324382177,0.728274752,0.658261711,0.268626187,0.166521699,0.172831787,0.484280747,0.869691548,0.87096546,0
0.350541718,0.338525435,0.120536605,0.340566492,0.761793254,0.699277949,0.198222907,0.212529494,0.220582977,0.442303612,0.945320907,0.943100307,0
0.134964273,0.468370473,0.280611023,0.4645718,0.813848427,0.836504998,0.170122259,0.237165757,0.246152793,0.598501096,0.872979453,0.885861024,0
0.740352456,0.332572157,0.286475177,0.228521088,0.793660874,0.889458364,0.233167547,0.280871009,0.29151419,0.561139654,0.796826008,0.816576675,0
0.663708476,0.482111083,0.252617659,0.218989581,0.805263151,0.766484741,0.321229868,0.302911292,0.314389655,0.414877127,0.793813017,0.817178357,0
0.343976091,0.581078161,0.581078161,0.281934325,0.845073233,0.876786676,0.348262904,0.255696251,0.210996786,0.574082409,0.696834581,0.677424385,0
0.389148327,0.615063864,0.564761375,0.38786465,0.876073726,0.910448423,0.134651283,0.122846623,0.127501709,0.720129706,0.643213744,0.579523784,0
0.239067311,0.595614563,0.280408727,0.41796486,0.831544246,0.795883698,0.143047838,0.142583833,0.138909706,0.627128529,0.677593868,0.672632813,0
0.414276096,0.478658662,0.391642546,0.451210201,0.832784147,0.786898292,0.351993953,0.280518213,0.291148025,0.619550682,0.60455978,0.592146412,3
0.441601887,0.394675775,0.346686183,0.449628743,0.82357814,0.76627557,0.388815672,0.430694903,0.388211742,0.575339426,0.606069106,0.631677348,0
0.245460981,0.460826788,0.43172077,0.459594952,0.809482874,0.76703624,0.411049768,0.391898054,0.406748436,0.626348997,0.561247279,0.546350812,0
0.395639275,0.376701552,0.234169675,0.429449286,0.825915912,0.776080236,0.339137292,0.296164031,0.292515111,0.596969163,0.850208251,0.914082114,0
0.288469108,0.470540043,0.343519595,0.278790206,0.798132236,0.756184614,0.507452143,0.421086941,0.437043391,0.658929262,0.928442907,0.925980461,0
0.31641887,0.440655941,0.373667115,0.342397977,0.787913321,0.719135147,0.498211478,0.4819442,0.372827216,0.681697539,0.8613138,0.902726916,0
0.273800299,0.408606498,0.362394046,0.241749663,0.759680383,0.730793308,0.523300788,0.465594482,0.483237478,0.647070788,0.764154715,0.760453005,0
0.281771631,0.720488903,0.552496647,0.29504351,0.691155184,0.664713017,0.59677295,0.58095403,0.602968401,0.6045936,0.721607436,0.73800441,0
0.333803953,0.786351156,0.786351156,0.226495862,0.657927992,0.628042229,0.58038553,0.599022066,0.621721099,0.534085753,0.686353988,0.690006714,0
0.513106199,0.453805171,0.453805171,0.237311087,0.627850223,0.652375463,0.687764395,0.644154951,0.664046967,0.515776712,0.710485263,0.700215986,0
0.781334927,0.377741931,0.298279436,0.230237341,0.625595875,0.590770561,0.749747283,0.734687231,0.762527089,0.501692694,0.698156518,0.698033294,0
0.586155521,0.339132323,0.253037841,0.272819482,0.6056173,0.545367067,0.573879432,0.569498855,0.591079149,0.473715896,0.722962242,0.919578707,0
0.646510007,0.558564002,0.231799924,0.371849996,0.507960029,0.504416222,0.672411159,0.650130795,0.674766515,0.385466132,0.931971107,0.945289758,0
0.735184856,0.328612938,0.230448197,0.236651623,0.39073585,0.312923482,0.865920712,0.787390655,0.817227629,0.280577938,0.93528484,0.938673146,0
0.407759898,0.476775065,0.151537879,0.24417734,0.492057695,0.415671715,0.71939667,0.677762558,0.665472562,0.261212319,0.876268999,0.915029704,0
0.668076686,0.599111392,0.246746254,0.202402922,0.34483083,0.418791585,0.556496676,0.521598085,0.431994731,0.30765169,0.888291994,0.903997752,0
0.758703023,0.444557361,0.388492511,0.177230527,0.205326657,0.254744917,0.822823173,0.935254689,0.705196936,0.191176923,0.901882597,0.90161233,0
0.81783234,0.52261466,0.394791776,0.126828754,0.110995814,0.082192254,0.82265711,0.874068708,0.852039016,0.178056315,0.90263771,0.899758071,0
0.83667735,0.422304817,0.225518179,0.151225559,0.186464914,0.172546701,0.804970583,0.848720487,0.880881462,0.187935808,0.926316489,0.922841409,0
0.796521669,0.475992062,0.475992062,0.150886763,0.210539673,0.19739108,0.703508933,0.812445173,0.84323155,0.124980052,0.916602695,0.916784925,0
0.789366545,0.427304415,0.304630458,0.135056609,0.191987019,0.212025993,0.639823821,0.618501519,0.636333956,0.115589502,0.901250614,0.897596359,0
0.600933686,0.374245103,0.355125619,0.181292321,0.225206213,0.174902008,0.877454116,0.9778799,0.95593596,0.073237974,0.856782916,0.883386787,0
0.621001464,0.438979775,0.438979775,0.151351194,0.23430905,0.151397416,0.734838654,0.737741657,0.628446668,0.063212932,0.871036095,0.902098901,0
0.415914649,0.383394736,0.383394736,0.154469743,0.267710798,0.290061825,0.785469316,0.721034699,0.748357215,0.073529168,0.884942857,0.922465274,0
0.571986414,0.368075787,0.368075787,0.191129121,0.188619951,0.110657525,0.883999549,0.892379878,0.833189056,0.082220426,0.902523564,0.915461509,0
0.783660835,0.528569247,0.47787575,0.152842017,0.163991351,0.120414009,0.649412909,0.719555768,0.687792465,0.013776545,0.879845114,0.833630303,0
0.64863667,0.404098191,0.352596627,0.129353514,0.230678684,0.181914122,0.658722549,0.68883307,0.714935354,0.029674646,0.91069658,0.919214899,0
0.432590917,0.385400274,0.344536512,0.149235339,0.336618629,0.305299352,0.643857043,0.778303779,0.80779642,0.041130683,0.86621931,0.909513443,0
0.556406377,0.481676082,0.481676082,0.224094322,0.188726427,0.08719922,0.701310953,0.735350411,0.763215399,0.024229414,0.839059591,0.828968035,0
0.449352662,0.610593198,0.359461742,0.202896185,0.235794944,0.222205368,0.716055395,0.662542987,0.687649048,0.052726421,0.794860659,0.789280616,0
0.551301755,0.539983204,0.463348017,0.128219385,0.386888667,0.333015564,0.615399597,0.624281616,0.600829269,0.027893118,0.746790992,0.750934915,0
0.619362911,0.38071857,0.305753507,0.169762552,0.410242946,0.42207735,0.824462815,1,0.881397135,0.07522388,0.739084059,0.752338438,0
0.646637766,0.457633693,0.457633693,0.165130726,0.47324963,0.382392254,0.606271865,0.716670826,0.743827979,0.086889722,0.662988961,0.641520965,0
0.751334848,0.70958998,0.70958998,0.060068357,0.541274291,0.427821746,0.1304635,0,0,0.078316066,0.506197464,0.502090397,0
0.68360442,0.527881216,0.522783114,0.142763809,0.547894687,0.534452749,0.282558279,0.253639927,0.263251227,0.310880464,0.614206127,0.611921074,0
0.615873993,0.346172452,0.335976247,0.225459261,0.554515083,0.641083751,0.434653094,0.507279821,0.526502419,0.543444861,0.668210458,0.666836412,0
0.486471766,0.35479499,0.35479499,0.530034178,0.656678241,0.557843902,0.157946216,0.026226879,0.027220707,0.341158436,0.72221479,0.72175175,0
0.354040225,0.177397495,0.177397495,0.765017089,0.714380216,0.62285498,0.171687574,0.039340318,0.04083106,0.472579621,0.836952185,0.836130794,0
0.221608683,0,0,1,0.772082191,0.687866058,0.185428932,0.052453758,0.054441413,0.604000806,0.88759215,0.888771949,0
0.585110219,0.234711212,0.214318801,0.285787796,0.635780536,0.899775248,0.263034287,0.297888815,0.309176859,1,0.938232115,0.941413104,0
0.54761873,0.312833862,0.247665698,0.151035493,0.616789445,0.55628663,0.338913442,0.318294145,0.330355419,0.284660954,0.95168958,0.950509838,0
0.513894422,0.295322034,0.10860175,0.322332271,0.664998418,0.574846511,0.258775652,0.21219938,0.123654829,0.332477359,0.937911593,0.936078213,0
0.359520843,0.206975333,0.087909774,0.30120098,0.661650369,0.588061207,0.291059739,0.375841675,0.330113776,0.312977355,0.934326187,0.931021558,0
0.388722858,0.492299182,0.271686342,0.282410259,0.664497362,0.633985482,0.217155271,0.148887073,0.150349262,0.341973754,0.882189827,0.895670264,0
0.177557137,0.536226281,0.400977055,0.410377553,0.696542341,0.644147359,0.316428114,0.233043691,0.205987431,0.456629989,0.841282244,0.843411991,0
0.34870588,0.415381848,0.257926605,0.32523017,0.717644466,0.65214361,0.07758746,0.222966605,0.231415586,0.477903421,0.825477704,0.86519065,0
0.083753603,0.444612735,0.444612735,0.444657396,0.709983249,0.632440069,0.363518462,0.350064653,0.363329822,0.479166698,0.909485111,0.917667812,0
0.27990883,0.815438258,0.815438258,0.232760145,0.762419359,0.703117741,0.192005221,0.338214933,0.351031074,0.505199682,0.848080723,0.801051717,0
0.197014697,0.429794899,0.429794899,0.314537811,0.752920498,0.681477149,0.289552941,0.233020677,0.241850642,0.55379839,0.832083666,0.829073069,0
0.635878516,0.577651085,0.577651085,0.294508611,0.791444271,0.773076544,0.277891419,0.164837172,0.166198042,0.524245585,0.844390744,0.860039711,0
0.695204815,0.43484716,0.43484716,0.272688322,0.818183164,0.75115998,0.339309818,0.247230474,0.256598897,0.431316017,0.78183895,0.757706272,3
0.359775486,0.428373693,0.286612793,0.472918816,0.896072748,0.894085653,0.298215356,0.357246385,0.335659592,0.802521296,0.68111684,0.687408916,0
0.141931546,0.380140582,0.165052966,0.369695776,0.89513033,0.838122449,0.302859039,0.296014344,0.271792855,0.749645171,0.64220637,0.701384321,0
0.40345418,0.718385827,0.718385827,0.223816939,0.86406675,0.819612973,0.153989892,0.120018419,0.08072339,0.750478237,0.42173705,0.433738096,0
0.39021342,0.46412226,0.275166354,0.310333338,0.846777387,0.774994456,0.346467033,0.285743766,0.296571592,0.719569022,0.288864541,0.235130272,0
0.105613395,0.503974542,0.485736096,0.233106293,0.778252631,0.771436899,0.386235666,0.337925705,0.350730887,0.661923485,0.217112722,0.244048341,0
0.313251123,0.510702244,0.357078855,0.346379085,0.761100701,0.71756878,0.523469318,0.570844646,0.592475937,0.641521523,0.208074782,0.197646639,0
0.103189193,0.504263537,0.290895442,0.319647846,0.740744876,0.661601992,0.450253287,0.412187124,0.427806329,0.649451671,0.314245563,0.378673501,0
0.207875415,0.578245619,0.368890629,0.374408243,0.763076897,0.70915678,0.499156463,0.626336249,0.644405273,0.633069969,0.415338169,0.459991297,0
0.568320774,0.430223255,0.315897199,0.453197851,0.721267507,0.660586079,0.630846828,0.673373516,0.66691509,0.561099864,0.346867829,0.345801702,0
0.757304475,0.478557514,0.331502417,0.371700753,0.652484961,0.616482168,0.548859723,0.53070645,0.531378168,0.539989798,0.352465686,0.365986277,0
0.316695836,0.485782438,0.276565106,0.369898784,0.655221036,0.57042374,0.637735889,0.571083767,0.550104535,0.498592699,0.279735195,0.283209498,0
0.70892021,0.634106874,0.38680287,0.255555843,0.618171594,0.571476534,0.623456729,0.660943882,0.685989347,0.483004473,0.493802335,0.506227867,0
0.827257487,0.30413514,0.15348253,0.496036639,0.500210625,0.492210316,0.876747297,0.806538435,0.837100985,0.327213299,0.425635602,0.389445946,0
0.172479776,0.757826937,0.757826937,0.394915411,0.573291657,0.515151631,0.767091155,0.81355055,0.844378813,0.361859088,0.329713798,0.308057127,0
0.232377317,0.650311676,0.600112499,0.313528908,0.570426593,0.515713891,0.625686469,0.599008139,0.621706643,0.362766083,0.288010556,0.25616523,0
0.335394476,0.58991653,0.298359822,0.238252091,0.458482468,0.438280673,0.733965147,0.735220056,0.763080105,0.324508711,0.245546435,0.228265206,0
0.88444348,0.601069503,0.601069503,0.208944312,0.356438912,0.369943642,0.747876251,0.809205014,0.790852863,0.247024963,0.487417789,0.930310173,0
0.652901041,0.564094372,0.326955365,0.216275488,0.377768663,0.36861756,0.849254504,0.852891564,0.885210596,0.216561749,0.940472903,0.936563112,0
0.495161336,0.465639025,0.221811642,0.215337696,0.331135775,0.291175585,0.676091927,0.664845827,0.652422314,0.218203694,0.943764605,0.947160422,0
0.722286418,0.339858154,0.229752194,0.227516205,0.340869735,0.327491955,0.887659989,0.963490008,1,0.176388233,0.941507089,0.902440695,0
0.985857662,0.384061738,0.296078673,0.167752556,0.228946737,0.179531454,0.880836777,0.885724837,0.826518038,0.187541521,0.936662674,0.945041893,0
0.932967671,0.386903043,0.260302066,0.059534228,0.306793791,0.287116674,0.780306386,0.857132478,0.889612212,0.152752307,0.880880499,0.903794826,0
0.961853036,0.392848769,0.215832145,0.18542872,0.168930828,0.065066426,0.740844791,0.684893089,0.710846073,0.123498629,0.831603752,0.841212522,0
0.81235695,0.757583054,0.621797426,0.134225496,0.133952707,0.165127658,0.652058311,0.714471911,0.694273052,0.097947628,0.830922717,0.822017343,0
0.90202838,0.63875712,0.455923991,0.18410527,0.057368778,0.065649123,0.888924,0.819238527,0.850282328,0.062712421,0.857065065,0.842426573,0
0.752361522,0.509898921,0.35906365,0.162705923,0.179364303,0.103701854,0.830893127,0.708879669,0.733798874,0.056650438,0.862852867,0.870873092,0
0.778308826,0.453169384,0.453169384,0.152666866,0.22364169,0.207596652,0.746775732,0.772982525,0.802273525,0.041231956,0.883411708,0.880855289,0
0.801116662,0.586684646,0.162703958,0.082971163,0.258288582,0.364928866,0.593981291,0.644719146,0.591249274,0.036949067,0.8696013,0.87287506,0
0.734060118,0.351125577,0.304799827,0.167470995,0.2570003,0.20841569,0.923034712,0.938012261,0.973556813,0.009537051,0.841583113,0.849144753,0
0.909569591,0.515430268,0.367627138,0.128162231,0.264050794,0.271070066,0.837893487,0.838097643,0.869856082,0.052214138,0.829363692,0.827639498,0
0.349965212,0.375216707,0.239805059,0.195718483,0.376591331,0.341072368,0.705459817,0.718328858,0.74554884,0.066301993,0.778603847,0.763085423,0
0.670256943,0.36950176,0.333050558,0.120116646,0.291405676,0.295110072,0.756197714,0.676192766,0.701816065,0.04486732,0.734416242,0.758951559,0
0.211958513,0.497597138,0.415051066,0.225432052,0.384715737,0.327381691,0.62507507,0.641115248,0.59334831,0.061334448,0.66645817,0.642329991,0
0.614411087,0.501396151,0.225222256,0.172597218,0.400111992,0.375321277,0.690353261,0.673743257,0.699273735,0.083604002,0.604629944,0.664814182,0
0.388149003,0.398173812,0.398173812,0.229680347,0.476858758,0.384572695,0.506169298,0.500707151,0.519680688,0.111296656,0.467596802,0.51198675,0
0.399951257,0.516205911,0.462626564,0.179473342,0.484908676,0.434322471,0.474551339,0.547093308,0.567824579,0.135314016,0.390764572,0.401472602,0
0.582884564,0.789669234,0.138552247,0.182464301,0.521051203,0.471506086,0.487046269,0.596734314,0.582360445,0.143742308,0.298767136,0.268759683,0
0.304548819,0.670810821,0.342080062,0.208224947,0.518766794,0.454360246,0.401630774,0.446009413,0.462910263,0.167732264,0.485671044,0.633175659,0
0.745141061,0.808314202,0.808314202,0.021783283,0.587432346,0.554445296,0.37306196,0.375735163,0.379591161,0.188342756,0.969351181,0.972418847,0
0.45074793,0.357990646,0.285379425,0.199995392,0.580334256,0.528507334,0.366856019,0.428576303,0.444816552,0.217825709,0.976171824,0.977221711,0
0.469892644,0.488897107,0.255359284,0.246999207,0.596327079,0.531581502,0.563552495,0.634481993,0.658524726,0.240880644,0.957739652,0.952963439,1
0.396394056,0.444670938,0.117773775,0.252564946,0.653963713,0.579865387,0.460758206,0.480758243,0.452092521,0.315281585,0.954526134,0.951186815,1
0.39640005,0.586194256,0.586194256,0.313749688,0.678134355,0.602736605,0.259471768,0.235277424,0.242890317,0.322733254,0.921713583,0.930032511,0
0.335449478,0.552149855,0.347426453,0.23690751,0.683145132,0.619997063,0.362851222,0.296636371,0.235540798,0.410913816,0.845307462,0.971254149,1
0.450675617,0.304229748,0.246833254,0.255648475,0.732132807,0.684429656,0.188891132,0.303521547,0.315023035,0.463036255,0.958435499,0.95546864,0
0.440909361,0.337051565,0.262699251,0.326029522,0.739859926,0.682190062,0.265803255,0.280633745,0.291267935,0.476118275,0.933355697,0.946855396,0
0.588385968,0.356493389,0.341185999,0.306164805,0.722672988,0.681778813,0.273982701,0.25988235,0.258381399,0.414275401,0.905500692,0.916871606,0
0.541477535,0.536660276,0.342831447,0.277955922,0.71190743,0.6595716,0.39042345,0.370648819,0.384693994,0.289506405,0.901941116,0.899526018,0
0.4956481,0.316157294,0.184058103,0.33853724,0.78805241,0.75476874,0.141169751,0.217891137,0.226147791,0.419518143,0.880800481,0.89656699,0
0.196967905,0.464168943,0.370345704,0.283941731,0.817895002,0.758335667,0.300987243,0.310561748,0.31301572,0.637594788,0.631805401,0.566405525,4
0.536734628,0.370779691,0.318956509,0.274583172,0.852410271,0.805598179,0.322491447,0.261655615,0.234977216,0.666209621,0.549059443,0.516035026,4
0.448464947,0.323844536,0.066438727,0.441324126,0.896973879,0.889066934,0.337938504,0.231247479,0.238417009,0.695193742,0.349449912,0.385806281,0
0.322896325,0.42559935,0.42559935,0.364197671,0.977612675,0.98030647,0.293638425,0.209421812,0.157217767,0.940418782,0.069092305,0.13950188,0
0.36241109,0.349392623,0.349392623,0.44539555,0.999635089,0.976471531,0.128551882,0.099157627,0.067666741,0.936954447,0.270665832,0.321737284,0
0,0.467358993,0.437366461,0.174915817,0.973981435,0.929589796,0.208176298,0.096043412,0.048953899,0.914064176,0.472239359,0.503972689,0
0.506580101,0.786351663,0.458400177,0.183655819,0.834430407,0.823926953,0.022505934,0.142583833,0.147986831,0.851923589,0.609689437,0.631498594,0
0.237383984,0.41114417,0.149566912,0.387955447,0.854832165,0.818526625,0.271348592,0.193873785,0.157436557,0.744338229,0.742537926,0.749971046,0
0.038541595,0.364768835,0.362483044,0.210799715,0.831680297,0.77845497,0.506868021,0.454485868,0.469602103,0.755997443,0.875386414,0.868443498,0
0.045803115,0.678414195,0.276755276,0.23558207,0.77285599,0.767139815,0.459358224,0.503187732,0.456328488,0.704180962,0.869928963,0.877190906,0
0.156838926,0.441684941,0.192034339,0.232747044,0.789338063,0.763153385,0.541949952,0.429773767,0.433625659,0.648443024,0.828776006,0.879080155,0
0.195333851,1,1,0.347680025,0.775123149,0.768509185,0.473237916,0.445537471,0.462420437,0.621325065,0.838229695,0.83314516,0
0.371932369,0.830867419,0.82144047,0.34850919,0.682719036,0.676968304,0.564280475,0.516314436,0.527645587,0.564891405,0.865506699,0.86092796,0
0.548530887,0.661734838,0.642880941,0.349338355,0.590314923,0.585427423,0.655323001,0.5870914,0.592870772,0.508457745,0.892783703,0.88871076,0
0.725129406,0.492602257,0.464321411,0.350167521,0.49791081,0.493886541,0.74636556,0.657868365,0.658095922,0.452024084,0.920060707,0.916493561,0
0.901727924,0.323469676,0.285761881,0.350996686,0.405506697,0.40234566,0.837408085,0.72864533,0.723321072,0.395590424,0.947337711,0.944276361,0
0.4738521,0.422304817,0.384264739,0.434292478,0.508394887,0.484344988,0.709129605,0.713182062,0.571150589,0.420907192,0.947861027,0.948863716,0
0.771143231,0.302448328,0.125177826,0.231833464,0.545693625,0.531591696,0.688163203,0.642627738,0.632178182,0.347312912,0.852223254,0.903401609,0
0.639751977,0.388492511,0.23442977,0.380589061,0.481630929,0.494323428,0.633126224,0.615784204,0.518072613,0.328763319,0.961094257,0.97114948,0
0.848537267,0.371037268,0.234566211,0.121836663,0.346707302,0.352483641,0.845615851,0.869125254,0.902059436,0.284294975,0.945507547,0.956046327,0
0.949771429,0.320814949,0.241613236,0.018670174,0.366270428,0.328675264,0.734058481,0.785183782,0.81493713,0.27059566,0.848676531,0.884353567,0
0.860690545,0.448834473,0.261333305,0.211688433,0.317128078,0.299865444,0.682793659,0.73849006,0.76647402,0.231564954,0.822526854,0.819706596,0
0.668950808,0.666562608,0.410138167,0.136360302,0.380136534,0.41069274,0.80706411,0.825699446,0.856988073,0.214309654,0.814144474,0.814711403,0
0.850080415,0.536718276,0.220356161,0.204636661,0.258906868,0.242870956,0.787211049,0.80038916,0.830718693,0.200469251,0.859720909,0.870646638,0
0.764464143,0.384273197,0.300811709,0.201853577,0.301350123,0.248118272,0.868102465,0.863764107,0.896495138,0.151547425,0.875879,0.873938174,0
0.611006778,0.441324265,0.346443873,0.196462071,0.275140678,0.254529117,0.644352383,0.744051363,0.772246061,0.140007502,0.875869542,0.884542758,0
0.892684915,0.656285697,0.656285697,0.189557452,0.141526113,0.110121651,0.801268375,0.854694011,0.887081343,0.098182981,0.857749235,0.851656785,0
0.956833382,0.507035455,0.28561062,0.224577188,0.095692383,0.024535001,0.894850771,0.90503013,0.939324873,0.064952513,0.846113075,0.842928249,0
0.883834921,0.446969956,0.315576678,0.180015528,0.240522548,0.209688853,0.78371146,0.716655672,0.687525456,0.054100019,0.820996974,0.808643968,0
0.885708897,0.493421123,0.226742527,0.199357633,0.248665588,0.215185682,0.598981042,0.668081277,0.693397203,0.077542037,0.792328112,0.799660727,0
0.898936968,0.545011701,0.364176185,0.179876393,0.195017923,0.309486713,0.837338033,0.878110161,0.855423673,0.084887538,0.752314936,0.756754348,0
0.772750139,0.617715561,0.274137555,0.09472257,0.312155339,0.366522989,0.599086157,0.812168845,0.842944751,0.102191004,0.689575355,0.719850546,0
0.718761653,0.408635397,0.269018333,0.179132705,0.279136249,0.228889865,0.704671096,0.729765497,0.757418853,0.070908423,0.65129459,0.665271221,0
0.911169335,0.490492113,0.299366738,0.121676882,0.268225875,0.246159776,0.505363933,0.491489389,0.510113634,0.071888715,0.57349045,0.603491709,0
0.584465717,0.394617775,0.27390636,0.168667866,0.34799626,0.269826828,0.666932052,0.616422745,0.593312448,0.049504768,0.467280509,0.516587164,0
0.521149119,0.386874144,0.251769414,0.193855021,0.395344275,0.300177133,0.697596861,0.687551644,0.513220751,0.089051068,0.426791524,0.454113375,0
0.618580576,0.411698835,0.297148432,0.175630115,0.360794798,0.313108406,0.694922826,0.613118221,0.636351406,0.095067287,0.359282307,0.359760792,0
0.549471252,0.58320544,0.238988576,0.1339899,0.448224525,0.412631064,0.623866865,0.649248292,0.67385057,0.112750439,0.303852875,0.336722485,0
0.38999819,0.721862736,0.346574985,0.191550918,0.489771058,0.414051014,0.404922533,0.423038013,0.271303373,0.152840615,0.296726271,0.272188071,0
0.688017501,0.589411462,0.164823918,0.087031709,0.537539754,0.458046688,0.307466932,0.367417547,0.372478157,0.149430772,0.324769367,0.632468273,0
0.562137558,0.315389496,0.178770015,0.205205147,0.525010115,0.474876027,0.516003606,0.531786458,0.476029586,0.176186907,0.999167347,0.993810287,0
0.388384123,0.511748483,0.511748483,0.203235155,0.572508596,0.51726078,0.497094627,0.625123996,0.648812121,0.198829353,1,1,0
0.66085462,0.440727938,0.145478915,0.203452081,0.607204656,0.559529852,0.422036509,0.338523956,0.351351808,0.195869647,0.989837959,0.991122962,0
0.562860165,0.413765143,0.168439489,0.192575507,0.596432585,0.526787047,0.354399904,0.360082415,0.373727191,0.205694018,0.999920159,0.995170447,1
0.546686163,0.388405812,0.329367545,0.172686405,0.632124704,0.583723288,0.40024219,0.361253615,0.359072276,0.224322332,0.991991883,0.985351044,1
0.595317092,0.377797716,0.359440651,0.183806686,0.615809463,0.540436239,0.264711701,0.297086958,0.308344617,0.22926177,0.988231262,0.995705155,0
0.367346152,0.414743846,0.235181154,0.230057716,0.641443223,0.582388833,0.330136253,0.397077248,0.412123888,0.318143971,0.986560634,0.992625062,0
0.360211093,0.522296767,0.317891258,0.289539583,0.66864274,0.636675769,0.34460236,0.377027632,0.383439177,0.338474002,0.969312554,0.980199126,0
0.395247142,0.533557265,0.160707381,0.318425901,0.697742774,0.621254477,0.302318492,0.2516673,0.261203851,0.399247256,0.868628855,0.948681177,0
0.262226307,0.318238051,0.168788707,0.239194905,0.741700066,0.678776662,0.272268454,0.276298323,0.286768229,0.418649174,0.729003199,0.714669392,0
0.580063093,0.590426465,0.270787339,0.068691211,0.756628224,0.697957427,0.309558686,0.242966978,0.235829696,0.367677849,0.661866597,0.699232668,0
0.697414438,0.426379634,0.281304609,0.190502079,0.763343794,0.697377547,0.271086449,0.205955033,0.174641478,0.346420839,0.599660208,0.585323109,3
0.675235948,0.382930734,0.318289506,0.166152748,0.809807158,0.805630443,0.324649363,0.274459931,0.242221075,0.416645459,0.488179173,0.523312175,4
0.344607452,0.547786044,0.277776363,0.287427056,0.833112895,0.805008997,0.226656724,0.192249212,0.136029674,0.656848102,0.389711906,0.386609083,0
0.110544946,0.547294754,0.38833615,0.429969332,0.907871391,0.877461233,0.283064287,0.206253081,0.150186262,0.85441711,0.271344703,0.302399256,0
0.270786774,0.502556156,0.200386268,0.323676122,1,1,0,0.047434763,0.049232231,0.921619853,0.206756727,0.249360951,0
0.092321181,0.461637215,0.461637215,0.264258653,0.906402673,0.879254279,0.233008156,0.216279133,0.224474702,0.881200702,0.131957932,0.139697699,0
0.426405134,0.471182405,0.471182405,0.260176398,0.921421612,0.905152881,0.375875267,0.303454231,0.147789035,0.851402116,0.027436697,0.059527555,0
0.402414509,0.453167342,0.230018265,0.468916907,0.849371876,0.797997421,0.37921265,0.36433258,0.37813841,0.78897068,0,0,0
0.203527247,0.482633085,0.482633085,0.277500592,0.820666824,0.781629454,0.377237546,0.364738301,0.364629485,0.778489833,0.117180556,0.117363063,0
0.482383559,0.423153876,0.423153876,0.404264334,0.83700799,0.786080459,0.43476481,0.482705635,0.500997032,0.703227579,0.234361112,0.234726126,0
0.394217835,0.852556761,0.852556761,0.398526569,0.813825752,0.776292298,0.366359324,0.452038049,0.469167345,0.704672841,0.351541667,0.352089189,0
0.364011553,0.401838801,0.332557556,0.328573633,0.782516336,0.727212923,0.408080788,0.377073692,0.308308651,0.657289704,0.468722223,0.469452252,0
0.408435094,0.531181503,0.249297754,0.284305537,0.728950746,0.700038469,0.619461139,0.627332693,0.484721514,0.624469293,0.485603429,0.50150379,0
0.433966939,0.29040388,0.29040388,0.341118731,0.749588462,0.711490133,0.644078321,0.603516659,0.596957333,0.569357752,0.598563683,0.610853969,0
0.106260485,0.667689685,0.411087805,0.183248386,0.657285682,0.585794679,0.749555263,0.703863095,0.697982986,0.565773429,0.711523938,0.720204147,0
0.235246887,0.577577493,0.01626563,0.210079621,0.616851313,0.583678541,0.576774953,0.67504584,0.700625677,0.496191508,0.824484192,0.829554326,0
0.657942279,0.438676028,0.255881286,0.252899603,0.590256311,0.579915664,0.652683992,0.657338624,0.682247474,0.463685601,0.937444446,0.938904504,0
0.749902045,0.365748677,0.296650194,0.27137066,0.55510275,0.578292941,0.75599659,0.773860652,0.729373785,0.421514901,0.943770161,0.943480026,0
0.888014124,0.454821987,0.200559664,0.289473288,0.456012593,0.503421817,0.645639675,0.648035209,0.67259152,0.359492381,0.906013078,0.929669305,0
0.929072672,0.353090736,0.343293837,0.226294214,0.312465339,0.279904594,0.725597468,0.713412329,0.740446007,0.291993309,0.750380068,0.794853946,0
0.791619115,0.354539634,0.321044516,0.342041256,0.419080917,0.42436899,0.79484345,0.759978184,0.788776404,0.261499082,0.831283943,0.953558158,0
0.969153707,0.37881424,0.312689365,0.165219159,0.232168695,0.187543452,0.7995657,0.799083526,0.823346079,0.207912432,0.950882318,0.953649915,0
0.955365653,0.562466943,0.21151254,0.110843363,0.130192706,0.170553884,0.770877246,0.829923613,0.861372309,0.172403056,0.858817229,0.907278614,0
0.963717385,0.345955604,0.279371369,0.134129888,0.160787847,0.093632506,0.93602446,0.863498756,0.820153677,0.144455678,0.809864198,0.806036571,0
0.895457378,0.414395845,0.310608608,0.06893024,0.221708519,0.275883414,0.764580577,0.759048128,0.765326791,0.149336394,0.79368408,0.796892941,0
0.870252151,0.374027703,0.279081368,0.14395277,0.220392054,0.156364707,0.844842142,0.752208017,0.70688868,0.117331397,0.765195951,0.743273115,0
0.86745566,0.591267468,0.416004746,0.150425561,0.157587841,0.158844304,0.580150908,0.650969859,0.675637374,0.124412134,0.79557869,0.837153053,0
0.816273868,0.348900322,0.248196259,0.118779459,0.219196088,0.236277551,0.815496629,0.899062277,0.933130878,0.093364717,0.846356296,0.884105176,0
0.834394385,0.529145926,0.271103118,0.172738252,0.123989222,0.138842012,0.712844531,0.673153992,0.698662141,0.085336085,0.88312089,0.89132787,0
0.887321087,0.392682925,0.20272712,0.10580302,0.044305549,0.005068415,0.80692449,0.736609819,0.7531971,0.051949292,0.898607827,0.897467994,0
0.957902286,0.481144011,0.460018544,0.097522721,0,0.012303819,0.817661633,0.702473929,0.676200543,0,0.88164888,0.89589937,0
0.774460516,0.574633594,0.574633594,0.064640591,0.195481373,0.197183932,0.688553707,0.632502701,0.656470431,0.037487694,0.892487552,0.89611057,0
0.676490395,0.305782407,0.296216703,0.170438249,0.239299123,0.172152056,0.710140994,0.661737018,0.613174033,0.004263006,0.885297034,0.841643929,0
0.543686464,0.541209579,0.541209579,0.147237282,0.327222747,0.265963679,0.650697664,0.73630033,0.686274769,0.057871505,0.818061402,0.735226202,0
0.380965611,0.63870358,0.22272551,0.229888035,0.301587121,0.346468116,0.64018531,0.814326707,0.845184382,0.039353473,0.84870039,0.872129552,0
0.639464255,0.415889149,0.310175117,0.044948637,0.397260188,0.395395372,0.731459711,0.659635264,0.645153365,0.075670619,0.879404095,0.894480678,0
0.284362573,0.880678317,0.464856023,0.226222344,0.270505288,0.246661431,0.651904514,0.800205682,0.65440299,0.05382233,0.884373699,0.906191901,0
0.726067351,0.393718772,0.302107449,0.081028299,0.467609168,0.403115184,0.660471058,0.620769806,0.644292935,0.0967552,0.894355395,0.889278807,0
0.419467416,0.521066775,0.35252633,0.189359569,0.481568318,0.443216739,0.656337795,0.695915817,0.722286491,0.111294828,0.872886644,0.857405786,0
0.761848745,0.603565134,0.603565134,0,0.449757163,0.489371048,0.470816676,0.432675853,0.30678211,0.100697015,0.846887887,0.90657357,0
0.403509911,0.543306636,0.399358688,0.194645982,0.48548318,0.394489651,0.550469621,0.64848427,0.673057598,0.117235204,0.970513297,0.968255517,0
0.371004339,0.594458587,0.346657082,0.200510049,0.504830566,0.468660224,0.530456891,0.507491949,0.422098786,0.137619015,0.957109552,0.94532423,0
0.591584161,0.575199778,0.392471768,0.18889325,0.559000467,0.500742449,0.420146331,0.411473838,0.364551392,0.17203302,0.948897168,0.945030816,0
0.407323522,0.650263343,0.18863593,0.249472171,0.515870052,0.446600245,0.503382991,0.62511239,0.648800075,0.161199522,0.919834766,0.917377692,0
0.682952153,0.539116222,0.539116222,0.161958887,0.619602173,0.580996633,0.373414692,0.475611348,0.493633918,0.173297491,0.937071505,0.944994901,0
0.223497377,0.668784741,0.668784741,0.298760784,0.562084097,0.516323204,0.438397521,0.495068682,0.513828558,0.325702402,0.945875321,0.942901472,0
0.465290445,0.224065834,0.144102026,0.281707737,0.654569493,0.585354313,0.336675396,0.248356576,0.216381255,0.42923275,0.960385493,0.960569918,0
0.604890659,0.337400574,0.115246469,0.194669615,0.669935755,0.590120116,0.436693594,0.339851609,0.35272977,0.284394798,0.966340113,0.96313981,0
0.086990637,0.692666987,0.317970505,0.326726566,0.675916452,0.650232685,0.203348656,0.171041892,0.146176968,0.436555565,0.946196438,0.943927682,0
0.332101088,0.620583651,0.068432795,0.28738592,0.710013654,0.69947138,0.269403858,0.314314339,0.326224803,0.451937348,0.939376615,0.945136087,3
0.619751329,0.468650575,0.468650575,0.282955175,0.736705769,0.690978922,0.215036135,0.227482387,0.084908592,0.340355402,0.943618609,0.929661423,0
0.4579253,0.516616202,0.516616202,0.369831328,0.782466409,0.764069796,0.164410268,0.259744899,0.269587538,0.546860985,0.841124339,0.902875434,0
0.386632453,0.409813829,0.29372642,0.212274069,0.762459761,0.816454171,0.446393112,0.409568262,0.421825479,0.569127239,0.778416898,0.77808193,0
0.553559682,0.179036754,0.039598524,0.385086033,0.82344608,0.786814895,0.381224205,0.261511499,0.244810694,0.500803321,0.829851483,0.836867829,0
0.510657954,0.243201245,0.219480867,0.496586452,0.908983266,0.871635515,0.281592688,0.181379886,0.188253001,0.541597412,0.75855404,0.796899245,0
0.064450777,0.578422458,0.41877486,0.271920227,0.982839014,0.948995861,0.145057203,0.079111559,0.082109371,0.862319136,0.878128436,0.901654972,0
0.308514184,0.439578175,0.258246721,0.480756843,0.97619355,0.945995583,0.227189279,0.145976,0.151507539,0.870494269,0.845445007,0.859564693,0
0.177099804,0.450306213,0.254286281,0.469837652,0.971391612,0.957078626,0.260072917,0.213492147,0.221582108,0.866552163,0.817995888,0.829473333,0
0.221282158,0.726606281,0.563108369,0.413259085,0.929536609,0.959783641,0.253504585,0.27759822,0.249667478,0.8069091,0.750847033,0.767537374,0
0.68665981,0.881018846,0.881018846,0.314898292,0.865032394,0.864312179,0.323521392,0.286221842,0.224056464,0.711359486,0.723810388,0.757471474,0
0.494881754,0.453139981,0.297242733,0.277147486,0.840304162,0.814564735,0.202544367,0.259606752,0.216178194,0.675803124,0.690770147,0.789672844,0
0.165422089,0.533151263,0.533151263,0.210585669,0.783808029,0.729068864,0.515968162,0.529650482,0.549720784,0.58085191,0.892473379,0.902738232,0
0.22136968,0.376094665,0.324089527,0.309094359,0.8081431,0.757100593,0.479755133,0.396360912,0.411380407,0.600468639,0.802335133,0.773426372,0
0.407351938,0.623688056,0.223121209,0.268122361,0.763125575,0.728524899,0.524813111,0.451259106,0.460028407,0.633420356,0.763793083,0.780479616,0
